GtecTime,UnityTime,CombinedEyeValidDataBitMask,LeftEyeValidDataBitMask,RightEyeValidDataBitMask,CombinedEyeOpenness,LeftEyeOpenness,RightEyeOpenness,CombinedPupilDiameter,LeftPupilDiameter,RightPupilDiameter,CombinedPupilPosition,LeftPupilPosition,RightPupilPosition,CombinedGazeOrigin,LeftGazeOrigin,RightGazeOrigin,CombinedGazeDirection,LeftGazeDirection,RightGazeDirection,LeftEyeWide,RightEyeWide,LeftEyeSqeeze,RightEyeSqeeze,LeftEyeFrown,RightEyeFrown,FocusStatus,RayOriginal,RayDirection,Collider,Distance,Normal,Point,Transform.position,Transform.rotation,Camera.position,Camera.rotation
0,22236.77,0,8,8,0,1,1,0,-1,-1,"(0.0, 0.0)","(-1.0, -1.0)","(-1.0, -1.0)","(-1.0, -1.0, -1.0)","(0.0, 0.0, 0.0)","(0.0, 0.0, 0.0)","(-1.0, -1.0, -1.0)","(0.0, 0.0, 0.0)","(0.0, 0.0, 0.0)",0,0,0,0,0,0,False,0,0,0,0,0,0,0,0,"(-0.5, 6.7, -7.7)","(0.1, 0.0, 0.0, 1.0)"
0,27270.83,0,8,8,0,1,1,0,-1,-1,"(0.0, 0.0)","(-1.0, -1.0)","(-1.0, -1.0)","(-1.0, -1.0, -1.0)","(0.0, 0.0, 0.0)","(0.0, 0.0, 0.0)","(-1.0, -1.0, -1.0)","(0.0, 0.0, 0.0)","(0.0, 0.0, 0.0)",0,0,0,0,0,0,False,0,0,0,0,0,0,0,0,"(-0.5, 6.8, -7.8)","(0.1, 0.0, 0.0, 1.0)"
0,27291.62,0,8,8,0,1,1,0,-1,-1,"(0.0, 0.0)","(-1.0, -1.0)","(-1.0, -1.0)","(-1.0, -1.0, -1.0)","(0.0, 0.0, 0.0)","(0.0, 0.0, 0.0)","(-1.0, -1.0, -1.0)","(0.0, 0.0, 0.0)","(0.0, 0.0, 0.0)",0,0,0,0,0,0,False,0,0,0,0,0,0,0,0,"(-0.5, 6.8, -7.8)","(0.1, 0.0, 0.0, 1.0)"
0,27312.28,0,8,8,0,1,1,0,-1,-1,"(0.0, 0.0)","(-1.0, -1.0)","(-1.0, -1.0)","(-1.0, -1.0, -1.0)","(0.0, 0.0, 0.0)","(0.0, 0.0, 0.0)","(-1.0, -1.0, -1.0)","(0.0, 0.0, 0.0)","(0.0, 0.0, 0.0)",0,0,0,0,0,0,False,0,0,0,0,0,0,0,0,"(-0.5, 6.8, -7.7)","(0.1, 0.0, 0.0, 1.0)"
0,27359.43,0,8,8,0,1,1,0,-1,-1,"(0.0, 0.0)","(-1.0, -1.0)","(-1.0, -1.0)","(-1.0, -1.0, -1.0)","(0.0, 0.0, 0.0)","(0.0, 0.0, 0.0)","(-1.0, -1.0, -1.0)","(0.0, 0.0, 0.0)","(0.0, 0.0, 0.0)",0,0,0,0,0,0,False,0,0,0,0,0,0,0,0,"(-0.5, 6.8, -7.6)","(0.1, 0.0, 0.0, 1.0)"
0,27411.86,0,8,8,0,1,1,0,-1,-1,"(0.0, 0.0)","(-1.0, -1.0)","(-1.0, -1.0)","(-1.0, -1.0, -1.0)","(0.0, 0.0, 0.0)","(0.0, 0.0, 0.0)","(-1.0, -1.0, -1.0)","(0.0, 0.0, 0.0)","(0.0, 0.0, 0.0)",0,0,0,0,0,0,False,0,0,0,0,0,0,0,0,"(-0.5, 6.8, -7.5)","(0.1, 0.0, 0.0, 1.0)"
0,27457.43,0,8,8,0,1,1,0,-1,-1,"(0.0, 0.0)","(-1.0, -1.0)","(-1.0, -1.0)","(-1.0, -1.0, -1.0)","(0.0, 0.0, 0.0)","(0.0, 0.0, 0.0)","(-1.0, -1.0, -1.0)","(0.0, 0.0, 0.0)","(0.0, 0.0, 0.0)",0,0,0,0,0,0,False,0,0,0,0,0,0,0,0,"(-0.5, 6.8, -7.4)","(0.1, 0.0, 0.0, 1.0)"
0,27488.31,0,8,8,0,1,1,0,-1,-1,"(0.0, 0.0)","(-1.0, -1.0)","(-1.0, -1.0)","(-1.0, -1.0, -1.0)","(0.0, 0.0, 0.0)","(0.0, 0.0, 0.0)","(-1.0, -1.0, -1.0)","(0.0, 0.0, 0.0)","(0.0, 0.0, 0.0)",0,0,0,0,0,0,False,0,0,0,0,0,0,0,0,"(-0.5, 6.8, -7.2)","(0.1, 0.0, 0.0, 1.0)"
0,27518.46,0,8,8,0,1,1,0,-1,-1,"(0.0, 0.0)","(-1.0, -1.0)","(-1.0, -1.0)","(-1.0, -1.0, -1.0)","(0.0, 0.0, 0.0)","(0.0, 0.0, 0.0)","(-1.0, -1.0, -1.0)","(0.0, 0.0, 0.0)","(0.0, 0.0, 0.0)",0,0,0,0,0,0,False,0,0,0,0,0,0,0,0,"(-0.5, 6.8, -7.0)","(0.1, 0.0, 0.0, 1.0)"
0,27548.44,0,8,8,0,1,1,0,-1,-1,"(0.0, 0.0)","(-1.0, -1.0)","(-1.0, -1.0)","(-1.0, -1.0, -1.0)","(0.0, 0.0, 0.0)","(0.0, 0.0, 0.0)","(-1.0, -1.0, -1.0)","(0.0, 0.0, 0.0)","(0.0, 0.0, 0.0)",0,0,0,0,0,0,False,0,0,0,0,0,0,0,0,"(-0.5, 6.8, -6.8)","(0.1, 0.0, 0.0, 1.0)"
0,27582.03,0,8,8,0,1,1,0,-1,-1,"(0.0, 0.0)","(-1.0, -1.0)","(-1.0, -1.0)","(-1.0, -1.0, -1.0)","(0.0, 0.0, 0.0)","(0.0, 0.0, 0.0)","(-1.0, -1.0, -1.0)","(0.0, 0.0, 0.0)","(0.0, 0.0, 0.0)",0,0,0,0,0,0,False,0,0,0,0,0,0,0,0,"(-0.5, 6.8, -6.6)","(0.1, 0.0, 0.0, 1.0)"
0,27613.78,0,8,8,0,1,1,0,-1,-1,"(0.0, 0.0)","(-1.0, -1.0)","(-1.0, -1.0)","(-1.0, -1.0, -1.0)","(0.0, 0.0, 0.0)","(0.0, 0.0, 0.0)","(-1.0, -1.0, -1.0)","(0.0, 0.0, 0.0)","(0.0, 0.0, 0.0)",0,0,0,0,0,0,False,0,0,0,0,0,0,0,0,"(-0.5, 6.8, -6.4)","(0.1, 0.0, 0.0, 1.0)"
0,27647.56,0,8,8,0,1,1,0,-1,-1,"(0.0, 0.0)","(-1.0, -1.0)","(-1.0, -1.0)","(-1.0, -1.0, -1.0)","(0.0, 0.0, 0.0)","(0.0, 0.0, 0.0)","(-1.0, -1.0, -1.0)","(0.0, 0.0, 0.0)","(0.0, 0.0, 0.0)",0,0,0,0,0,0,False,0,0,0,0,0,0,0,0,"(-0.5, 6.8, -6.1)","(0.1, 0.0, 0.0, 1.0)"
0,27680.17,0,8,8,0,1,1,0,-1,-1,"(0.0, 0.0)","(-1.0, -1.0)","(-1.0, -1.0)","(-1.0, -1.0, -1.0)","(0.0, 0.0, 0.0)","(0.0, 0.0, 0.0)","(-1.0, -1.0, -1.0)","(0.0, 0.0, 0.0)","(0.0, 0.0, 0.0)",0,0,0,0,0,0,False,0,0,0,0,0,0,0,0,"(-0.5, 6.8, -5.9)","(0.1, 0.0, 0.0, 1.0)"
0,27711.58,0,8,8,0,1,1,0,-1,-1,"(0.0, 0.0)","(-1.0, -1.0)","(-1.0, -1.0)","(-1.0, -1.0, -1.0)","(0.0, 0.0, 0.0)","(0.0, 0.0, 0.0)","(-1.0, -1.0, -1.0)","(0.0, 0.0, 0.0)","(0.0, 0.0, 0.0)",0,0,0,0,0,0,False,0,0,0,0,0,0,0,0,"(-0.5, 6.8, -5.6)","(0.1, 0.0, 0.0, 1.0)"
0,27741.94,0,8,8,0,1,1,0,-1,-1,"(0.0, 0.0)","(-1.0, -1.0)","(-1.0, -1.0)","(-1.0, -1.0, -1.0)","(0.0, 0.0, 0.0)","(0.0, 0.0, 0.0)","(-1.0, -1.0, -1.0)","(0.0, 0.0, 0.0)","(0.0, 0.0, 0.0)",0,0,0,0,0,0,False,0,0,0,0,0,0,0,0,"(-0.5, 6.8, -5.4)","(0.1, 0.0, 0.0, 1.0)"
0,27771.03,0,8,8,0,1,1,0,-1,-1,"(0.0, 0.0)","(-1.0, -1.0)","(-1.0, -1.0)","(-1.0, -1.0, -1.0)","(0.0, 0.0, 0.0)","(0.0, 0.0, 0.0)","(-1.0, -1.0, -1.0)","(0.0, 0.0, 0.0)","(0.0, 0.0, 0.0)",0,0,0,0,0,0,False,0,0,0,0,0,0,0,0,"(-0.5, 6.8, -5.1)","(0.1, 0.0, 0.0, 1.0)"
0,27807.98,0,8,8,0,1,1,0,-1,-1,"(0.0, 0.0)","(-1.0, -1.0)","(-1.0, -1.0)","(-1.0, -1.0, -1.0)","(0.0, 0.0, 0.0)","(0.0, 0.0, 0.0)","(-1.0, -1.0, -1.0)","(0.0, 0.0, 0.0)","(0.0, 0.0, 0.0)",0,0,0,0,0,0,False,0,0,0,0,0,0,0,0,"(-0.5, 6.8, -4.9)","(0.1, 0.0, 0.0, 1.0)"
0,27839.92,0,8,8,0,1,1,0,-1,-1,"(0.0, 0.0)","(-1.0, -1.0)","(-1.0, -1.0)","(-1.0, -1.0, -1.0)","(0.0, 0.0, 0.0)","(0.0, 0.0, 0.0)","(-1.0, -1.0, -1.0)","(0.0, 0.0, 0.0)","(0.0, 0.0, 0.0)",0,0,0,0,0,0,False,0,0,0,0,0,0,0,0,"(-0.5, 6.8, -4.6)","(0.1, 0.0, 0.0, 1.0)"
0,27873.12,0,8,8,0,1,1,0,-1,-1,"(0.0, 0.0)","(-1.0, -1.0)","(-1.0, -1.0)","(-1.0, -1.0, -1.0)","(0.0, 0.0, 0.0)","(0.0, 0.0, 0.0)","(-1.0, -1.0, -1.0)","(0.0, 0.0, 0.0)","(0.0, 0.0, 0.0)",0,0,0,0,0,0,False,0,0,0,0,0,0,0,0,"(-0.5, 6.8, -4.3)","(0.1, 0.0, 0.0, 1.0)"
0,27906.86,0,8,8,0,1,1,0,-1,-1,"(0.0, 0.0)","(-1.0, -1.0)","(-1.0, -1.0)","(-1.0, -1.0, -1.0)","(0.0, 0.0, 0.0)","(0.0, 0.0, 0.0)","(-1.0, -1.0, -1.0)","(0.0, 0.0, 0.0)","(0.0, 0.0, 0.0)",0,0,0,0,0,0,False,0,0,0,0,0,0,0,0,"(-0.5, 6.8, -4.0)","(0.1, 0.0, 0.0, 1.0)"
0,27936.22,0,8,8,0,1,1,0,-1,-1,"(0.0, 0.0)","(-1.0, -1.0)","(-1.0, -1.0)","(-1.0, -1.0, -1.0)","(0.0, 0.0, 0.0)","(0.0, 0.0, 0.0)","(-1.0, -1.0, -1.0)","(0.0, 0.0, 0.0)","(0.0, 0.0, 0.0)",0,0,0,0,0,0,False,0,0,0,0,0,0,0,0,"(-0.5, 6.8, -3.7)","(0.1, 0.0, 0.0, 1.0)"
0,27965.91,0,8,8,0,1,1,0,-1,-1,"(0.0, 0.0)","(-1.0, -1.0)","(-1.0, -1.0)","(-1.0, -1.0, -1.0)","(0.0, 0.0, 0.0)","(0.0, 0.0, 0.0)","(-1.0, -1.0, -1.0)","(0.0, 0.0, 0.0)","(0.0, 0.0, 0.0)",0,0,0,0,0,0,False,0,0,0,0,0,0,0,0,"(-0.5, 6.8, -3.4)","(0.1, 0.0, 0.0, 1.0)"
0,27999.28,0,8,8,0,1,1,0,-1,-1,"(0.0, 0.0)","(-1.0, -1.0)","(-1.0, -1.0)","(-1.0, -1.0, -1.0)","(0.0, 0.0, 0.0)","(0.0, 0.0, 0.0)","(-1.0, -1.0, -1.0)","(0.0, 0.0, 0.0)","(0.0, 0.0, 0.0)",0,0,0,0,0,0,False,0,0,0,0,0,0,0,0,"(-0.5, 6.8, -3.1)","(0.1, 0.0, 0.0, 1.0)"
0,28031.71,0,8,8,0,1,1,0,-1,-1,"(0.0, 0.0)","(-1.0, -1.0)","(-1.0, -1.0)","(-1.0, -1.0, -1.0)","(0.0, 0.0, 0.0)","(0.0, 0.0, 0.0)","(-1.0, -1.0, -1.0)","(0.0, 0.0, 0.0)","(0.0, 0.0, 0.0)",0,0,0,0,0,0,False,0,0,0,0,0,0,0,0,"(-0.5, 6.8, -2.8)","(0.1, 0.0, 0.0, 1.0)"
0,28066.67,0,8,8,0,1,1,0,-1,-1,"(0.0, 0.0)","(-1.0, -1.0)","(-1.0, -1.0)","(-1.0, -1.0, -1.0)","(0.0, 0.0, 0.0)","(0.0, 0.0, 0.0)","(-1.0, -1.0, -1.0)","(0.0, 0.0, 0.0)","(0.0, 0.0, 0.0)",0,0,0,0,0,0,False,0,0,0,0,0,0,0,0,"(-0.5, 6.8, -2.5)","(0.1, 0.0, 0.0, 1.0)"
0,28100.14,0,8,8,0,1,1,0,-1,-1,"(0.0, 0.0)","(-1.0, -1.0)","(-1.0, -1.0)","(-1.0, -1.0, -1.0)","(0.0, 0.0, 0.0)","(0.0, 0.0, 0.0)","(-1.0, -1.0, -1.0)","(0.0, 0.0, 0.0)","(0.0, 0.0, 0.0)",0,0,0,0,0,0,False,0,0,0,0,0,0,0,0,"(-0.5, 6.8, -2.2)","(0.1, 0.0, 0.0, 1.0)"
0,28132.16,0,8,8,0,1,1,0,-1,-1,"(0.0, 0.0)","(-1.0, -1.0)","(-1.0, -1.0)","(-1.0, -1.0, -1.0)","(0.0, 0.0, 0.0)","(0.0, 0.0, 0.0)","(-1.0, -1.0, -1.0)","(0.0, 0.0, 0.0)","(0.0, 0.0, 0.0)",0,0,0,0,0,0,False,0,0,0,0,0,0,0,0,"(-0.4, 6.8, -1.9)","(0.1, 0.0, 0.0, 1.0)"
0,28163.79,0,8,8,0,1,1,0,-1,-1,"(0.0, 0.0)","(-1.0, -1.0)","(-1.0, -1.0)","(-1.0, -1.0, -1.0)","(0.0, 0.0, 0.0)","(0.0, 0.0, 0.0)","(-1.0, -1.0, -1.0)","(0.0, 0.0, 0.0)","(0.0, 0.0, 0.0)",0,0,0,0,0,0,False,0,0,0,0,0,0,0,0,"(-0.4, 6.8, -1.6)","(0.1, 0.0, 0.0, 1.0)"
0,28192.45,0,8,8,0,1,1,0,-1,-1,"(0.0, 0.0)","(-1.0, -1.0)","(-1.0, -1.0)","(-1.0, -1.0, -1.0)","(0.0, 0.0, 0.0)","(0.0, 0.0, 0.0)","(-1.0, -1.0, -1.0)","(0.0, 0.0, 0.0)","(0.0, 0.0, 0.0)",0,0,0,0,0,0,False,0,0,0,0,0,0,0,0,"(-0.4, 6.8, -1.3)","(0.1, 0.0, 0.0, 1.0)"
0,28220.51,0,8,8,0,1,1,0,-1,-1,"(0.0, 0.0)","(-1.0, -1.0)","(-1.0, -1.0)","(-1.0, -1.0, -1.0)","(0.0, 0.0, 0.0)","(0.0, 0.0, 0.0)","(-1.0, -1.0, -1.0)","(0.0, 0.0, 0.0)","(0.0, 0.0, 0.0)",0,0,0,0,0,0,False,0,0,0,0,0,0,0,0,"(-0.4, 6.8, -1.0)","(0.1, 0.0, 0.0, 1.0)"
0,28248.7,0,8,8,0,1,1,0,-1,-1,"(0.0, 0.0)","(-1.0, -1.0)","(-1.0, -1.0)","(-1.0, -1.0, -1.0)","(0.0, 0.0, 0.0)","(0.0, 0.0, 0.0)","(-1.0, -1.0, -1.0)","(0.0, 0.0, 0.0)","(0.0, 0.0, 0.0)",0,0,0,0,0,0,False,0,0,0,0,0,0,0,0,"(-0.4, 6.8, -0.7)","(0.1, 0.0, 0.0, 1.0)"
0,28275.44,0,8,8,0,1,1,0,-1,-1,"(0.0, 0.0)","(-1.0, -1.0)","(-1.0, -1.0)","(-1.0, -1.0, -1.0)","(0.0, 0.0, 0.0)","(0.0, 0.0, 0.0)","(-1.0, -1.0, -1.0)","(0.0, 0.0, 0.0)","(0.0, 0.0, 0.0)",0,0,0,0,0,0,False,0,0,0,0,0,0,0,0,"(-0.4, 6.8, -0.4)","(0.1, 0.0, 0.0, 1.0)"
0,28307.61,0,8,8,0,1,1,0,-1,-1,"(0.0, 0.0)","(-1.0, -1.0)","(-1.0, -1.0)","(-1.0, -1.0, -1.0)","(0.0, 0.0, 0.0)","(0.0, 0.0, 0.0)","(-1.0, -1.0, -1.0)","(0.0, 0.0, 0.0)","(0.0, 0.0, 0.0)",0,0,0,0,0,0,False,0,0,0,0,0,0,0,0,"(-0.4, 6.8, -0.1)","(0.1, 0.0, 0.0, 1.0)"
0,28338.07,0,8,8,0,1,1,0,-1,-1,"(0.0, 0.0)","(-1.0, -1.0)","(-1.0, -1.0)","(-1.0, -1.0, -1.0)","(0.0, 0.0, 0.0)","(0.0, 0.0, 0.0)","(-1.0, -1.0, -1.0)","(0.0, 0.0, 0.0)","(0.0, 0.0, 0.0)",0,0,0,0,0,0,False,0,0,0,0,0,0,0,0,"(-0.4, 6.8, 0.2)","(0.1, 0.0, 0.0, 1.0)"
0,28369.26,0,8,8,0,1,1,0,-1,-1,"(0.0, 0.0)","(-1.0, -1.0)","(-1.0, -1.0)","(-1.0, -1.0, -1.0)","(0.0, 0.0, 0.0)","(0.0, 0.0, 0.0)","(-1.0, -1.0, -1.0)","(0.0, 0.0, 0.0)","(0.0, 0.0, 0.0)",0,0,0,0,0,0,False,0,0,0,0,0,0,0,0,"(-0.4, 6.8, 0.5)","(0.1, 0.0, 0.0, 1.0)"
0,28398.21,0,8,8,0,1,1,0,-1,-1,"(0.0, 0.0)","(-1.0, -1.0)","(-1.0, -1.0)","(-1.0, -1.0, -1.0)","(0.0, 0.0, 0.0)","(0.0, 0.0, 0.0)","(-1.0, -1.0, -1.0)","(0.0, 0.0, 0.0)","(0.0, 0.0, 0.0)",0,0,0,0,0,0,False,0,0,0,0,0,0,0,0,"(-0.4, 6.8, 0.8)","(0.1, 0.0, 0.0, 1.0)"
0,28430.45,0,8,8,0,1,1,0,-1,-1,"(0.0, 0.0)","(-1.0, -1.0)","(-1.0, -1.0)","(-1.0, -1.0, -1.0)","(0.0, 0.0, 0.0)","(0.0, 0.0, 0.0)","(-1.0, -1.0, -1.0)","(0.0, 0.0, 0.0)","(0.0, 0.0, 0.0)",0,0,0,0,0,0,False,0,0,0,0,0,0,0,0,"(-0.4, 6.8, 1.1)","(0.1, 0.0, 0.0, 1.0)"
0,28459.66,0,8,8,0,1,1,0,-1,-1,"(0.0, 0.0)","(-1.0, -1.0)","(-1.0, -1.0)","(-1.0, -1.0, -1.0)","(0.0, 0.0, 0.0)","(0.0, 0.0, 0.0)","(-1.0, -1.0, -1.0)","(0.0, 0.0, 0.0)","(0.0, 0.0, 0.0)",0,0,0,0,0,0,False,0,0,0,0,0,0,0,0,"(-0.4, 6.8, 1.4)","(0.1, 0.0, 0.0, 1.0)"
0,28490.41,0,8,8,0,1,1,0,-1,-1,"(0.0, 0.0)","(-1.0, -1.0)","(-1.0, -1.0)","(-1.0, -1.0, -1.0)","(0.0, 0.0, 0.0)","(0.0, 0.0, 0.0)","(-1.0, -1.0, -1.0)","(0.0, 0.0, 0.0)","(0.0, 0.0, 0.0)",0,0,0,0,0,0,False,0,0,0,0,0,0,0,0,"(-0.4, 6.8, 1.7)","(0.1, 0.0, 0.0, 1.0)"
0,28523.57,0,8,8,0,1,1,0,-1,-1,"(0.0, 0.0)","(-1.0, -1.0)","(-1.0, -1.0)","(-1.0, -1.0, -1.0)","(0.0, 0.0, 0.0)","(0.0, 0.0, 0.0)","(-1.0, -1.0, -1.0)","(0.0, 0.0, 0.0)","(0.0, 0.0, 0.0)",0,0,0,0,0,0,False,0,0,0,0,0,0,0,0,"(-0.4, 6.8, 2.0)","(0.1, 0.0, 0.0, 1.0)"
0,28556.77,0,8,8,0,1,1,0,-1,-1,"(0.0, 0.0)","(-1.0, -1.0)","(-1.0, -1.0)","(-1.0, -1.0, -1.0)","(0.0, 0.0, 0.0)","(0.0, 0.0, 0.0)","(-1.0, -1.0, -1.0)","(0.0, 0.0, 0.0)","(0.0, 0.0, 0.0)",0,0,0,0,0,0,False,0,0,0,0,0,0,0,0,"(-0.4, 6.8, 2.3)","(0.1, 0.0, 0.0, 1.0)"
0,28590.18,0,8,8,0,1,1,0,-1,-1,"(0.0, 0.0)","(-1.0, -1.0)","(-1.0, -1.0)","(-1.0, -1.0, -1.0)","(0.0, 0.0, 0.0)","(0.0, 0.0, 0.0)","(-1.0, -1.0, -1.0)","(0.0, 0.0, 0.0)","(0.0, 0.0, 0.0)",0,0,0,0,0,0,False,0,0,0,0,0,0,0,0,"(-0.4, 6.8, 2.6)","(0.1, 0.0, 0.0, 1.0)"
0,28623.6,0,8,8,0,1,1,0,-1,-1,"(0.0, 0.0)","(-1.0, -1.0)","(-1.0, -1.0)","(-1.0, -1.0, -1.0)","(0.0, 0.0, 0.0)","(0.0, 0.0, 0.0)","(-1.0, -1.0, -1.0)","(0.0, 0.0, 0.0)","(0.0, 0.0, 0.0)",0,0,0,0,0,0,False,0,0,0,0,0,0,0,0,"(-0.4, 6.8, 2.9)","(0.1, 0.0, 0.0, 1.0)"
0,28656.16,0,8,8,0,1,1,0,-1,-1,"(0.0, 0.0)","(-1.0, -1.0)","(-1.0, -1.0)","(-1.0, -1.0, -1.0)","(0.0, 0.0, 0.0)","(0.0, 0.0, 0.0)","(-1.0, -1.0, -1.0)","(0.0, 0.0, 0.0)","(0.0, 0.0, 0.0)",0,0,0,0,0,0,False,0,0,0,0,0,0,0,0,"(-0.4, 6.8, 3.2)","(0.1, 0.0, 0.0, 1.0)"
0,28684.38,0,8,8,0,1,1,0,-1,-1,"(0.0, 0.0)","(-1.0, -1.0)","(-1.0, -1.0)","(-1.0, -1.0, -1.0)","(0.0, 0.0, 0.0)","(0.0, 0.0, 0.0)","(-1.0, -1.0, -1.0)","(0.0, 0.0, 0.0)","(0.0, 0.0, 0.0)",0,0,0,0,0,0,False,0,0,0,0,0,0,0,0,"(-0.4, 6.8, 3.5)","(0.1, 0.0, 0.0, 1.0)"
0,28712.79,0,8,8,0,1,1,0,-1,-1,"(0.0, 0.0)","(-1.0, -1.0)","(-1.0, -1.0)","(-1.0, -1.0, -1.0)","(0.0, 0.0, 0.0)","(0.0, 0.0, 0.0)","(-1.0, -1.0, -1.0)","(0.0, 0.0, 0.0)","(0.0, 0.0, 0.0)",0,0,0,0,0,0,False,0,0,0,0,0,0,0,0,"(-0.4, 6.8, 3.9)","(0.1, 0.0, 0.0, 1.0)"
0,28742.4,0,8,8,0,1,1,0,-1,-1,"(0.0, 0.0)","(-1.0, -1.0)","(-1.0, -1.0)","(-1.0, -1.0, -1.0)","(0.0, 0.0, 0.0)","(0.0, 0.0, 0.0)","(-1.0, -1.0, -1.0)","(0.0, 0.0, 0.0)","(0.0, 0.0, 0.0)",0,0,0,0,0,0,False,0,0,0,0,0,0,0,0,"(-0.4, 6.8, 4.2)","(0.1, 0.0, 0.0, 1.0)"
0,28771.48,0,8,8,0,1,1,0,-1,-1,"(0.0, 0.0)","(-1.0, -1.0)","(-1.0, -1.0)","(-1.0, -1.0, -1.0)","(0.0, 0.0, 0.0)","(0.0, 0.0, 0.0)","(-1.0, -1.0, -1.0)","(0.0, 0.0, 0.0)","(0.0, 0.0, 0.0)",0,0,0,0,0,0,False,0,0,0,0,0,0,0,0,"(-0.4, 6.8, 4.5)","(0.1, 0.0, 0.0, 1.0)"
0,28801.2,0,8,8,0,1,1,0,-1,-1,"(0.0, 0.0)","(-1.0, -1.0)","(-1.0, -1.0)","(-1.0, -1.0, -1.0)","(0.0, 0.0, 0.0)","(0.0, 0.0, 0.0)","(-1.0, -1.0, -1.0)","(0.0, 0.0, 0.0)","(0.0, 0.0, 0.0)",0,0,0,0,0,0,False,0,0,0,0,0,0,0,0,"(-0.4, 6.8, 4.8)","(0.1, 0.0, 0.0, 1.0)"
0,28838.07,0,8,8,0,1,1,0,-1,-1,"(0.0, 0.0)","(-1.0, -1.0)","(-1.0, -1.0)","(-1.0, -1.0, -1.0)","(0.0, 0.0, 0.0)","(0.0, 0.0, 0.0)","(-1.0, -1.0, -1.0)","(0.0, 0.0, 0.0)","(0.0, 0.0, 0.0)",0,0,0,0,0,0,False,0,0,0,0,0,0,0,0,"(-0.4, 6.8, 5.1)","(0.1, 0.0, 0.0, 1.0)"
0,28865.24,0,8,8,0,1,1,0,-1,-1,"(0.0, 0.0)","(-1.0, -1.0)","(-1.0, -1.0)","(-1.0, -1.0, -1.0)","(0.0, 0.0, 0.0)","(0.0, 0.0, 0.0)","(-1.0, -1.0, -1.0)","(0.0, 0.0, 0.0)","(0.0, 0.0, 0.0)",0,0,0,0,0,0,False,0,0,0,0,0,0,0,0,"(-0.4, 6.8, 5.4)","(0.1, 0.0, 0.0, 1.0)"
0,28895.8,0,8,8,0,1,1,0,-1,-1,"(0.0, 0.0)","(-1.0, -1.0)","(-1.0, -1.0)","(-1.0, -1.0, -1.0)","(0.0, 0.0, 0.0)","(0.0, 0.0, 0.0)","(-1.0, -1.0, -1.0)","(0.0, 0.0, 0.0)","(0.0, 0.0, 0.0)",0,0,0,0,0,0,False,0,0,0,0,0,0,0,0,"(-0.4, 6.8, 5.7)","(0.1, 0.0, 0.0, 1.0)"
0,28925.26,0,8,8,0,1,1,0,-1,-1,"(0.0, 0.0)","(-1.0, -1.0)","(-1.0, -1.0)","(-1.0, -1.0, -1.0)","(0.0, 0.0, 0.0)","(0.0, 0.0, 0.0)","(-1.0, -1.0, -1.0)","(0.0, 0.0, 0.0)","(0.0, 0.0, 0.0)",0,0,0,0,0,0,False,0,0,0,0,0,0,0,0,"(-0.4, 6.8, 6.0)","(0.1, 0.0, 0.0, 1.0)"
0,28955.48,0,8,8,0,1,1,0,-1,-1,"(0.0, 0.0)","(-1.0, -1.0)","(-1.0, -1.0)","(-1.0, -1.0, -1.0)","(0.0, 0.0, 0.0)","(0.0, 0.0, 0.0)","(-1.0, -1.0, -1.0)","(0.0, 0.0, 0.0)","(0.0, 0.0, 0.0)",0,0,0,0,0,0,False,0,0,0,0,0,0,0,0,"(-0.4, 6.8, 6.3)","(0.1, 0.0, 0.0, 1.0)"
0,28988.56,0,8,8,0,1,1,0,-1,-1,"(0.0, 0.0)","(-1.0, -1.0)","(-1.0, -1.0)","(-1.0, -1.0, -1.0)","(0.0, 0.0, 0.0)","(0.0, 0.0, 0.0)","(-1.0, -1.0, -1.0)","(0.0, 0.0, 0.0)","(0.0, 0.0, 0.0)",0,0,0,0,0,0,False,0,0,0,0,0,0,0,0,"(-0.4, 6.8, 6.6)","(0.1, 0.0, 0.0, 1.0)"
0,29021.47,0,8,8,0,1,1,0,-1,-1,"(0.0, 0.0)","(-1.0, -1.0)","(-1.0, -1.0)","(-1.0, -1.0, -1.0)","(0.0, 0.0, 0.0)","(0.0, 0.0, 0.0)","(-1.0, -1.0, -1.0)","(0.0, 0.0, 0.0)","(0.0, 0.0, 0.0)",0,0,0,0,0,0,False,0,0,0,0,0,0,0,0,"(-0.4, 6.8, 6.9)","(0.1, 0.0, 0.0, 1.0)"
0,29051.78,0,8,8,0,1,1,0,-1,-1,"(0.0, 0.0)","(-1.0, -1.0)","(-1.0, -1.0)","(-1.0, -1.0, -1.0)","(0.0, 0.0, 0.0)","(0.0, 0.0, 0.0)","(-1.0, -1.0, -1.0)","(0.0, 0.0, 0.0)","(0.0, 0.0, 0.0)",0,0,0,0,0,0,False,0,0,0,0,0,0,0,0,"(-0.4, 6.8, 7.2)","(0.1, 0.0, 0.0, 1.0)"
0,29078.92,0,8,8,0,1,1,0,-1,-1,"(0.0, 0.0)","(-1.0, -1.0)","(-1.0, -1.0)","(-1.0, -1.0, -1.0)","(0.0, 0.0, 0.0)","(0.0, 0.0, 0.0)","(-1.0, -1.0, -1.0)","(0.0, 0.0, 0.0)","(0.0, 0.0, 0.0)",0,0,0,0,0,0,False,0,0,0,0,0,0,0,0,"(-0.4, 6.8, 7.5)","(0.1, 0.0, 0.0, 1.0)"
0,29107.7,0,8,8,0,1,1,0,-1,-1,"(0.0, 0.0)","(-1.0, -1.0)","(-1.0, -1.0)","(-1.0, -1.0, -1.0)","(0.0, 0.0, 0.0)","(0.0, 0.0, 0.0)","(-1.0, -1.0, -1.0)","(0.0, 0.0, 0.0)","(0.0, 0.0, 0.0)",0,0,0,0,0,0,False,0,0,0,0,0,0,0,0,"(-0.4, 6.8, 7.8)","(0.1, 0.0, 0.0, 1.0)"
0,29136.4,0,8,8,0,1,1,0,-1,-1,"(0.0, 0.0)","(-1.0, -1.0)","(-1.0, -1.0)","(-1.0, -1.0, -1.0)","(0.0, 0.0, 0.0)","(0.0, 0.0, 0.0)","(-1.0, -1.0, -1.0)","(0.0, 0.0, 0.0)","(0.0, 0.0, 0.0)",0,0,0,0,0,0,False,0,0,0,0,0,0,0,0,"(-0.4, 6.8, 8.1)","(0.1, 0.0, 0.0, 1.0)"
0,29165.27,0,8,8,0,1,1,0,-1,-1,"(0.0, 0.0)","(-1.0, -1.0)","(-1.0, -1.0)","(-1.0, -1.0, -1.0)","(0.0, 0.0, 0.0)","(0.0, 0.0, 0.0)","(-1.0, -1.0, -1.0)","(0.0, 0.0, 0.0)","(0.0, 0.0, 0.0)",0,0,0,0,0,0,False,0,0,0,0,0,0,0,0,"(-0.4, 6.8, 8.4)","(0.1, 0.0, 0.0, 1.0)"
0,29195.92,0,8,8,0,1,1,0,-1,-1,"(0.0, 0.0)","(-1.0, -1.0)","(-1.0, -1.0)","(-1.0, -1.0, -1.0)","(0.0, 0.0, 0.0)","(0.0, 0.0, 0.0)","(-1.0, -1.0, -1.0)","(0.0, 0.0, 0.0)","(0.0, 0.0, 0.0)",0,0,0,0,0,0,False,0,0,0,0,0,0,0,0,"(-0.4, 6.8, 8.7)","(0.1, 0.0, 0.0, 1.0)"
0,29241.65,0,8,8,0,1,1,0,-1,-1,"(0.0, 0.0)","(-1.0, -1.0)","(-1.0, -1.0)","(-1.0, -1.0, -1.0)","(0.0, 0.0, 0.0)","(0.0, 0.0, 0.0)","(-1.0, -1.0, -1.0)","(0.0, 0.0, 0.0)","(0.0, 0.0, 0.0)",0,0,0,0,0,0,False,0,0,0,0,0,0,0,0,"(-0.4, 6.8, 9.1)","(0.1, 0.0, 0.0, 1.0)"
0,29291.4,0,8,8,0,1,1,0,-1,-1,"(0.0, 0.0)","(-1.0, -1.0)","(-1.0, -1.0)","(-1.0, -1.0, -1.0)","(0.0, 0.0, 0.0)","(0.0, 0.0, 0.0)","(-1.0, -1.0, -1.0)","(0.0, 0.0, 0.0)","(0.0, 0.0, 0.0)",0,0,0,0,0,0,False,0,0,0,0,0,0,0,0,"(-0.4, 6.8, 9.4)","(0.1, 0.0, 0.0, 1.0)"
0,29347.6,0,8,8,0,1,1,0,-1,-1,"(0.0, 0.0)","(-1.0, -1.0)","(-1.0, -1.0)","(-1.0, -1.0, -1.0)","(0.0, 0.0, 0.0)","(0.0, 0.0, 0.0)","(-1.0, -1.0, -1.0)","(0.0, 0.0, 0.0)","(0.0, 0.0, 0.0)",0,0,0,0,0,0,False,0,0,0,0,0,0,0,0,"(-0.4, 6.8, 9.7)","(0.1, 0.0, 0.0, 1.0)"
0,29385.45,0,8,8,0,1,1,0,-1,-1,"(0.0, 0.0)","(-1.0, -1.0)","(-1.0, -1.0)","(-1.0, -1.0, -1.0)","(0.0, 0.0, 0.0)","(0.0, 0.0, 0.0)","(-1.0, -1.0, -1.0)","(0.0, 0.0, 0.0)","(0.0, 0.0, 0.0)",0,0,0,0,0,0,False,0,0,0,0,0,0,0,0,"(-0.4, 6.8, 10.1)","(0.1, 0.0, 0.0, 1.0)"
0,29415.33,0,8,8,0,1,1,0,-1,-1,"(0.0, 0.0)","(-1.0, -1.0)","(-1.0, -1.0)","(-1.0, -1.0, -1.0)","(0.0, 0.0, 0.0)","(0.0, 0.0, 0.0)","(-1.0, -1.0, -1.0)","(0.0, 0.0, 0.0)","(0.0, 0.0, 0.0)",0,0,0,0,0,0,False,0,0,0,0,0,0,0,0,"(-0.4, 6.8, 10.5)","(0.1, 0.0, 0.0, 1.0)"
0,29446.62,0,8,8,0,1,1,0,-1,-1,"(0.0, 0.0)","(-1.0, -1.0)","(-1.0, -1.0)","(-1.0, -1.0, -1.0)","(0.0, 0.0, 0.0)","(0.0, 0.0, 0.0)","(-1.0, -1.0, -1.0)","(0.0, 0.0, 0.0)","(0.0, 0.0, 0.0)",0,0,0,0,0,0,False,0,0,0,0,0,0,0,0,"(-0.4, 6.8, 10.8)","(0.1, 0.0, 0.0, 1.0)"
0,29480.39,0,8,8,0,1,1,0,-1,-1,"(0.0, 0.0)","(-1.0, -1.0)","(-1.0, -1.0)","(-1.0, -1.0, -1.0)","(0.0, 0.0, 0.0)","(0.0, 0.0, 0.0)","(-1.0, -1.0, -1.0)","(0.0, 0.0, 0.0)","(0.0, 0.0, 0.0)",0,0,0,0,0,0,False,0,0,0,0,0,0,0,0,"(-0.4, 6.8, 11.2)","(0.1, 0.0, 0.0, 1.0)"
0,29511.72,0,8,8,0,1,1,0,-1,-1,"(0.0, 0.0)","(-1.0, -1.0)","(-1.0, -1.0)","(-1.0, -1.0, -1.0)","(0.0, 0.0, 0.0)","(0.0, 0.0, 0.0)","(-1.0, -1.0, -1.0)","(0.0, 0.0, 0.0)","(0.0, 0.0, 0.0)",0,0,0,0,0,0,False,0,0,0,0,0,0,0,0,"(-0.4, 6.8, 11.5)","(0.1, 0.0, 0.0, 1.0)"
0,29541.1,0,8,8,0,1,1,0,-1,-1,"(0.0, 0.0)","(-1.0, -1.0)","(-1.0, -1.0)","(-1.0, -1.0, -1.0)","(0.0, 0.0, 0.0)","(0.0, 0.0, 0.0)","(-1.0, -1.0, -1.0)","(0.0, 0.0, 0.0)","(0.0, 0.0, 0.0)",0,0,0,0,0,0,False,0,0,0,0,0,0,0,0,"(-0.4, 6.8, 11.8)","(0.1, 0.0, 0.0, 1.0)"
0,29568.45,0,8,8,0,1,1,0,-1,-1,"(0.0, 0.0)","(-1.0, -1.0)","(-1.0, -1.0)","(-1.0, -1.0, -1.0)","(0.0, 0.0, 0.0)","(0.0, 0.0, 0.0)","(-1.0, -1.0, -1.0)","(0.0, 0.0, 0.0)","(0.0, 0.0, 0.0)",0,0,0,0,0,0,False,0,0,0,0,0,0,0,0,"(-0.4, 6.8, 12.2)","(0.1, 0.0, 0.0, 1.0)"
0,29599.72,0,8,8,0,1,1,0,-1,-1,"(0.0, 0.0)","(-1.0, -1.0)","(-1.0, -1.0)","(-1.0, -1.0, -1.0)","(0.0, 0.0, 0.0)","(0.0, 0.0, 0.0)","(-1.0, -1.0, -1.0)","(0.0, 0.0, 0.0)","(0.0, 0.0, 0.0)",0,0,0,0,0,0,False,0,0,0,0,0,0,0,0,"(-0.4, 6.8, 12.5)","(0.1, 0.0, 0.0, 1.0)"
0,29634.76,0,8,8,0,1,1,0,-1,-1,"(0.0, 0.0)","(-1.0, -1.0)","(-1.0, -1.0)","(-1.0, -1.0, -1.0)","(0.0, 0.0, 0.0)","(0.0, 0.0, 0.0)","(-1.0, -1.0, -1.0)","(0.0, 0.0, 0.0)","(0.0, 0.0, 0.0)",0,0,0,0,0,0,False,0,0,0,0,0,0,0,0,"(-0.4, 6.8, 12.8)","(0.1, 0.0, 0.0, 1.0)"
0,29666.59,0,8,8,0,1,1,0,-1,-1,"(0.0, 0.0)","(-1.0, -1.0)","(-1.0, -1.0)","(-1.0, -1.0, -1.0)","(0.0, 0.0, 0.0)","(0.0, 0.0, 0.0)","(-1.0, -1.0, -1.0)","(0.0, 0.0, 0.0)","(0.0, 0.0, 0.0)",0,0,0,0,0,0,False,0,0,0,0,0,0,0,0,"(-0.4, 6.8, 13.2)","(0.1, 0.0, 0.0, 1.0)"
0,29694.03,0,8,8,0,1,1,0,-1,-1,"(0.0, 0.0)","(-1.0, -1.0)","(-1.0, -1.0)","(-1.0, -1.0, -1.0)","(0.0, 0.0, 0.0)","(0.0, 0.0, 0.0)","(-1.0, -1.0, -1.0)","(0.0, 0.0, 0.0)","(0.0, 0.0, 0.0)",0,0,0,0,0,0,False,0,0,0,0,0,0,0,0,"(-0.4, 6.8, 13.5)","(0.1, 0.0, 0.0, 1.0)"
0,29721.45,0,8,8,0,1,1,0,-1,-1,"(0.0, 0.0)","(-1.0, -1.0)","(-1.0, -1.0)","(-1.0, -1.0, -1.0)","(0.0, 0.0, 0.0)","(0.0, 0.0, 0.0)","(-1.0, -1.0, -1.0)","(0.0, 0.0, 0.0)","(0.0, 0.0, 0.0)",0,0,0,0,0,0,False,0,0,0,0,0,0,0,0,"(-0.4, 6.8, 13.8)","(0.1, 0.0, 0.0, 1.0)"
0,29753.71,0,8,8,0,1,1,0,-1,-1,"(0.0, 0.0)","(-1.0, -1.0)","(-1.0, -1.0)","(-1.0, -1.0, -1.0)","(0.0, 0.0, 0.0)","(0.0, 0.0, 0.0)","(-1.0, -1.0, -1.0)","(0.0, 0.0, 0.0)","(0.0, 0.0, 0.0)",0,0,0,0,0,0,False,0,0,0,0,0,0,0,0,"(-0.4, 6.8, 14.1)","(0.1, 0.0, 0.0, 1.0)"
0,29786.48,0,8,8,0,1,1,0,-1,-1,"(0.0, 0.0)","(-1.0, -1.0)","(-1.0, -1.0)","(-1.0, -1.0, -1.0)","(0.0, 0.0, 0.0)","(0.0, 0.0, 0.0)","(-1.0, -1.0, -1.0)","(0.0, 0.0, 0.0)","(0.0, 0.0, 0.0)",0,0,0,0,0,0,False,0,0,0,0,0,0,0,0,"(-0.4, 6.8, 14.5)","(0.1, 0.0, 0.0, 1.0)"
0,29818.94,0,8,8,0,1,1,0,-1,-1,"(0.0, 0.0)","(-1.0, -1.0)","(-1.0, -1.0)","(-1.0, -1.0, -1.0)","(0.0, 0.0, 0.0)","(0.0, 0.0, 0.0)","(-1.0, -1.0, -1.0)","(0.0, 0.0, 0.0)","(0.0, 0.0, 0.0)",0,0,0,0,0,0,False,0,0,0,0,0,0,0,0,"(-0.4, 6.8, 14.8)","(0.1, 0.0, 0.0, 1.0)"
0,29847.45,0,8,8,0,1,1,0,-1,-1,"(0.0, 0.0)","(-1.0, -1.0)","(-1.0, -1.0)","(-1.0, -1.0, -1.0)","(0.0, 0.0, 0.0)","(0.0, 0.0, 0.0)","(-1.0, -1.0, -1.0)","(0.0, 0.0, 0.0)","(0.0, 0.0, 0.0)",0,0,0,0,0,0,False,0,0,0,0,0,0,0,0,"(-0.4, 6.8, 15.1)","(0.1, 0.0, 0.0, 1.0)"
0,29885.09,0,8,8,0,1,1,0,-1,-1,"(0.0, 0.0)","(-1.0, -1.0)","(-1.0, -1.0)","(-1.0, -1.0, -1.0)","(0.0, 0.0, 0.0)","(0.0, 0.0, 0.0)","(-1.0, -1.0, -1.0)","(0.0, 0.0, 0.0)","(0.0, 0.0, 0.0)",0,0,0,0,0,0,False,0,0,0,0,0,0,0,0,"(-0.4, 6.8, 15.4)","(0.1, 0.0, 0.0, 1.0)"
0,29914.15,0,8,8,0,1,1,0,-1,-1,"(0.0, 0.0)","(-1.0, -1.0)","(-1.0, -1.0)","(-1.0, -1.0, -1.0)","(0.0, 0.0, 0.0)","(0.0, 0.0, 0.0)","(-1.0, -1.0, -1.0)","(0.0, 0.0, 0.0)","(0.0, 0.0, 0.0)",0,0,0,0,0,0,False,0,0,0,0,0,0,0,0,"(-0.4, 6.8, 15.7)","(0.1, 0.0, 0.0, 1.0)"
0,29948.65,0,8,8,0,1,1,0,-1,-1,"(0.0, 0.0)","(-1.0, -1.0)","(-1.0, -1.0)","(-1.0, -1.0, -1.0)","(0.0, 0.0, 0.0)","(0.0, 0.0, 0.0)","(-1.0, -1.0, -1.0)","(0.0, 0.0, 0.0)","(0.0, 0.0, 0.0)",0,0,0,0,0,0,False,0,0,0,0,0,0,0,0,"(-0.4, 6.8, 16.1)","(0.1, 0.0, 0.0, 1.0)"
0,29978.53,0,8,8,0,1,1,0,-1,-1,"(0.0, 0.0)","(-1.0, -1.0)","(-1.0, -1.0)","(-1.0, -1.0, -1.0)","(0.0, 0.0, 0.0)","(0.0, 0.0, 0.0)","(-1.0, -1.0, -1.0)","(0.0, 0.0, 0.0)","(0.0, 0.0, 0.0)",0,0,0,0,0,0,False,0,0,0,0,0,0,0,0,"(-0.4, 6.8, 16.4)","(0.1, 0.0, 0.0, 1.0)"
0,30012.32,0,8,8,0,1,1,0,-1,-1,"(0.0, 0.0)","(-1.0, -1.0)","(-1.0, -1.0)","(-1.0, -1.0, -1.0)","(0.0, 0.0, 0.0)","(0.0, 0.0, 0.0)","(-1.0, -1.0, -1.0)","(0.0, 0.0, 0.0)","(0.0, 0.0, 0.0)",0,0,0,0,0,0,False,0,0,0,0,0,0,0,0,"(-0.4, 6.8, 16.7)","(0.1, 0.0, 0.0, 1.0)"
0,30046.17,0,8,8,0,1,1,0,-1,-1,"(0.0, 0.0)","(-1.0, -1.0)","(-1.0, -1.0)","(-1.0, -1.0, -1.0)","(0.0, 0.0, 0.0)","(0.0, 0.0, 0.0)","(-1.0, -1.0, -1.0)","(0.0, 0.0, 0.0)","(0.0, 0.0, 0.0)",0,0,0,0,0,0,False,0,0,0,0,0,0,0,0,"(-0.4, 6.8, 17.0)","(0.1, 0.0, 0.0, 1.0)"
0,30078.85,0,8,8,0,1,1,0,-1,-1,"(0.0, 0.0)","(-1.0, -1.0)","(-1.0, -1.0)","(-1.0, -1.0, -1.0)","(0.0, 0.0, 0.0)","(0.0, 0.0, 0.0)","(-1.0, -1.0, -1.0)","(0.0, 0.0, 0.0)","(0.0, 0.0, 0.0)",0,0,0,0,0,0,False,0,0,0,0,0,0,0,0,"(-0.4, 6.8, 17.4)","(0.1, 0.0, 0.0, 1.0)"
0,30116.56,0,8,8,0,1,1,0,-1,-1,"(0.0, 0.0)","(-1.0, -1.0)","(-1.0, -1.0)","(-1.0, -1.0, -1.0)","(0.0, 0.0, 0.0)","(0.0, 0.0, 0.0)","(-1.0, -1.0, -1.0)","(0.0, 0.0, 0.0)","(0.0, 0.0, 0.0)",0,0,0,0,0,0,False,0,0,0,0,0,0,0,0,"(-0.4, 6.8, 17.7)","(0.1, 0.0, 0.0, 1.0)"
0,30152.98,0,8,8,0,1,1,0,-1,-1,"(0.0, 0.0)","(-1.0, -1.0)","(-1.0, -1.0)","(-1.0, -1.0, -1.0)","(0.0, 0.0, 0.0)","(0.0, 0.0, 0.0)","(-1.0, -1.0, -1.0)","(0.0, 0.0, 0.0)","(0.0, 0.0, 0.0)",0,0,0,0,0,0,False,0,0,0,0,0,0,0,0,"(-0.4, 6.8, 18.0)","(0.1, 0.0, 0.0, 1.0)"
0,30182.88,0,8,8,0,1,1,0,-1,-1,"(0.0, 0.0)","(-1.0, -1.0)","(-1.0, -1.0)","(-1.0, -1.0, -1.0)","(0.0, 0.0, 0.0)","(0.0, 0.0, 0.0)","(-1.0, -1.0, -1.0)","(0.0, 0.0, 0.0)","(0.0, 0.0, 0.0)",0,0,0,0,0,0,False,0,0,0,0,0,0,0,0,"(-0.4, 6.8, 18.4)","(0.1, 0.0, 0.0, 1.0)"
0,30215.41,0,8,8,0,1,1,0,-1,-1,"(0.0, 0.0)","(-1.0, -1.0)","(-1.0, -1.0)","(-1.0, -1.0, -1.0)","(0.0, 0.0, 0.0)","(0.0, 0.0, 0.0)","(-1.0, -1.0, -1.0)","(0.0, 0.0, 0.0)","(0.0, 0.0, 0.0)",0,0,0,0,0,0,False,0,0,0,0,0,0,0,0,"(-0.4, 6.8, 18.7)","(0.1, 0.0, 0.0, 1.0)"
0,30249.21,0,8,8,0,1,1,0,-1,-1,"(0.0, 0.0)","(-1.0, -1.0)","(-1.0, -1.0)","(-1.0, -1.0, -1.0)","(0.0, 0.0, 0.0)","(0.0, 0.0, 0.0)","(-1.0, -1.0, -1.0)","(0.0, 0.0, 0.0)","(0.0, 0.0, 0.0)",0,0,0,0,0,0,False,0,0,0,0,0,0,0,0,"(-0.4, 6.8, 19.0)","(0.1, 0.0, 0.0, 1.0)"
0,30279.06,0,8,8,0,1,1,0,-1,-1,"(0.0, 0.0)","(-1.0, -1.0)","(-1.0, -1.0)","(-1.0, -1.0, -1.0)","(0.0, 0.0, 0.0)","(0.0, 0.0, 0.0)","(-1.0, -1.0, -1.0)","(0.0, 0.0, 0.0)","(0.0, 0.0, 0.0)",0,0,0,0,0,0,False,0,0,0,0,0,0,0,0,"(-0.4, 6.8, 19.3)","(0.1, 0.0, 0.0, 1.0)"
0,30311.69,0,8,8,0,1,1,0,-1,-1,"(0.0, 0.0)","(-1.0, -1.0)","(-1.0, -1.0)","(-1.0, -1.0, -1.0)","(0.0, 0.0, 0.0)","(0.0, 0.0, 0.0)","(-1.0, -1.0, -1.0)","(0.0, 0.0, 0.0)","(0.0, 0.0, 0.0)",0,0,0,0,0,0,False,0,0,0,0,0,0,0,0,"(-0.4, 6.8, 19.7)","(0.1, 0.0, 0.0, 1.0)"
0,30343.01,0,8,8,0,1,1,0,-1,-1,"(0.0, 0.0)","(-1.0, -1.0)","(-1.0, -1.0)","(-1.0, -1.0, -1.0)","(0.0, 0.0, 0.0)","(0.0, 0.0, 0.0)","(-1.0, -1.0, -1.0)","(0.0, 0.0, 0.0)","(0.0, 0.0, 0.0)",0,0,0,0,0,0,False,0,0,0,0,0,0,0,0,"(-0.4, 6.8, 20.0)","(0.1, 0.0, 0.0, 1.0)"
0,30371.49,0,8,8,0,1,1,0,-1,-1,"(0.0, 0.0)","(-1.0, -1.0)","(-1.0, -1.0)","(-1.0, -1.0, -1.0)","(0.0, 0.0, 0.0)","(0.0, 0.0, 0.0)","(-1.0, -1.0, -1.0)","(0.0, 0.0, 0.0)","(0.0, 0.0, 0.0)",0,0,0,0,0,0,False,0,0,0,0,0,0,0,0,"(-0.4, 6.8, 20.3)","(0.1, 0.0, 0.0, 1.0)"
0,30401.29,0,8,8,0,1,1,0,-1,-1,"(0.0, 0.0)","(-1.0, -1.0)","(-1.0, -1.0)","(-1.0, -1.0, -1.0)","(0.0, 0.0, 0.0)","(0.0, 0.0, 0.0)","(-1.0, -1.0, -1.0)","(0.0, 0.0, 0.0)","(0.0, 0.0, 0.0)",0,0,0,0,0,0,False,0,0,0,0,0,0,0,0,"(-0.4, 6.8, 20.6)","(0.1, 0.0, 0.0, 1.0)"
0,30430.04,0,8,8,0,1,1,0,-1,-1,"(0.0, 0.0)","(-1.0, -1.0)","(-1.0, -1.0)","(-1.0, -1.0, -1.0)","(0.0, 0.0, 0.0)","(0.0, 0.0, 0.0)","(-1.0, -1.0, -1.0)","(0.0, 0.0, 0.0)","(0.0, 0.0, 0.0)",0,0,0,0,0,0,False,0,0,0,0,0,0,0,0,"(-0.4, 6.8, 20.9)","(0.1, 0.0, 0.0, 1.0)"
0,30458.63,0,8,8,0,1,1,0,-1,-1,"(0.0, 0.0)","(-1.0, -1.0)","(-1.0, -1.0)","(-1.0, -1.0, -1.0)","(0.0, 0.0, 0.0)","(0.0, 0.0, 0.0)","(-1.0, -1.0, -1.0)","(0.0, 0.0, 0.0)","(0.0, 0.0, 0.0)",0,0,0,0,0,0,False,0,0,0,0,0,0,0,0,"(-0.4, 6.8, 21.3)","(0.1, 0.0, 0.0, 1.0)"
0,30489.89,0,8,8,0,1,1,0,-1,-1,"(0.0, 0.0)","(-1.0, -1.0)","(-1.0, -1.0)","(-1.0, -1.0, -1.0)","(0.0, 0.0, 0.0)","(0.0, 0.0, 0.0)","(-1.0, -1.0, -1.0)","(0.0, 0.0, 0.0)","(0.0, 0.0, 0.0)",0,0,0,0,0,0,False,0,0,0,0,0,0,0,0,"(-0.4, 6.8, 21.6)","(0.1, 0.0, 0.0, 1.0)"
0,30518.4,0,8,8,0,1,1,0,-1,-1,"(0.0, 0.0)","(-1.0, -1.0)","(-1.0, -1.0)","(-1.0, -1.0, -1.0)","(0.0, 0.0, 0.0)","(0.0, 0.0, 0.0)","(-1.0, -1.0, -1.0)","(0.0, 0.0, 0.0)","(0.0, 0.0, 0.0)",0,0,0,0,0,0,False,0,0,0,0,0,0,0,0,"(-0.4, 6.8, 21.9)","(0.1, 0.0, 0.0, 1.0)"
0,30547.09,0,8,8,0,1,1,0,-1,-1,"(0.0, 0.0)","(-1.0, -1.0)","(-1.0, -1.0)","(-1.0, -1.0, -1.0)","(0.0, 0.0, 0.0)","(0.0, 0.0, 0.0)","(-1.0, -1.0, -1.0)","(0.0, 0.0, 0.0)","(0.0, 0.0, 0.0)",0,0,0,0,0,0,False,0,0,0,0,0,0,0,0,"(-0.4, 6.8, 22.2)","(0.1, 0.0, 0.0, 1.0)"
0,30577.32,0,8,8,0,1,1,0,-1,-1,"(0.0, 0.0)","(-1.0, -1.0)","(-1.0, -1.0)","(-1.0, -1.0, -1.0)","(0.0, 0.0, 0.0)","(0.0, 0.0, 0.0)","(-1.0, -1.0, -1.0)","(0.0, 0.0, 0.0)","(0.0, 0.0, 0.0)",0,0,0,0,0,0,False,0,0,0,0,0,0,0,0,"(-0.4, 6.8, 22.5)","(0.1, 0.0, 0.0, 1.0)"
0,30608.07,0,8,8,0,1,1,0,-1,-1,"(0.0, 0.0)","(-1.0, -1.0)","(-1.0, -1.0)","(-1.0, -1.0, -1.0)","(0.0, 0.0, 0.0)","(0.0, 0.0, 0.0)","(-1.0, -1.0, -1.0)","(0.0, 0.0, 0.0)","(0.0, 0.0, 0.0)",0,0,0,0,0,0,False,0,0,0,0,0,0,0,0,"(-0.4, 6.8, 22.8)","(0.1, 0.0, 0.0, 1.0)"
0,30638.56,0,8,8,0,1,1,0,-1,-1,"(0.0, 0.0)","(-1.0, -1.0)","(-1.0, -1.0)","(-1.0, -1.0, -1.0)","(0.0, 0.0, 0.0)","(0.0, 0.0, 0.0)","(-1.0, -1.0, -1.0)","(0.0, 0.0, 0.0)","(0.0, 0.0, 0.0)",0,0,0,0,0,0,False,0,0,0,0,0,0,0,0,"(-0.4, 6.8, 23.1)","(0.1, 0.0, 0.0, 1.0)"
0,30668.99,0,8,8,0,1,1,0,-1,-1,"(0.0, 0.0)","(-1.0, -1.0)","(-1.0, -1.0)","(-1.0, -1.0, -1.0)","(0.0, 0.0, 0.0)","(0.0, 0.0, 0.0)","(-1.0, -1.0, -1.0)","(0.0, 0.0, 0.0)","(0.0, 0.0, 0.0)",0,0,0,0,0,0,False,0,0,0,0,0,0,0,0,"(-0.4, 6.8, 23.4)","(0.1, 0.0, 0.0, 1.0)"
0,30696.87,0,8,8,0,1,1,0,-1,-1,"(0.0, 0.0)","(-1.0, -1.0)","(-1.0, -1.0)","(-1.0, -1.0, -1.0)","(0.0, 0.0, 0.0)","(0.0, 0.0, 0.0)","(-1.0, -1.0, -1.0)","(0.0, 0.0, 0.0)","(0.0, 0.0, 0.0)",0,0,0,0,0,0,False,0,0,0,0,0,0,0,0,"(-0.4, 6.8, 23.7)","(0.1, 0.0, 0.0, 1.0)"
0,30726.88,0,8,8,0,1,1,0,-1,-1,"(0.0, 0.0)","(-1.0, -1.0)","(-1.0, -1.0)","(-1.0, -1.0, -1.0)","(0.0, 0.0, 0.0)","(0.0, 0.0, 0.0)","(-1.0, -1.0, -1.0)","(0.0, 0.0, 0.0)","(0.0, 0.0, 0.0)",0,0,0,0,0,0,False,0,0,0,0,0,0,0,0,"(-0.4, 6.8, 24.0)","(0.1, 0.0, 0.0, 1.0)"
0,30756.55,0,8,8,0,1,1,0,-1,-1,"(0.0, 0.0)","(-1.0, -1.0)","(-1.0, -1.0)","(-1.0, -1.0, -1.0)","(0.0, 0.0, 0.0)","(0.0, 0.0, 0.0)","(-1.0, -1.0, -1.0)","(0.0, 0.0, 0.0)","(0.0, 0.0, 0.0)",0,0,0,0,0,0,False,0,0,0,0,0,0,0,0,"(-0.4, 6.8, 24.3)","(0.1, 0.0, 0.0, 1.0)"
0,30787.03,0,8,8,0,1,1,0,-1,-1,"(0.0, 0.0)","(-1.0, -1.0)","(-1.0, -1.0)","(-1.0, -1.0, -1.0)","(0.0, 0.0, 0.0)","(0.0, 0.0, 0.0)","(-1.0, -1.0, -1.0)","(0.0, 0.0, 0.0)","(0.0, 0.0, 0.0)",0,0,0,0,0,0,False,0,0,0,0,0,0,0,0,"(-0.5, 6.8, 24.6)","(0.1, 0.0, 0.0, 1.0)"
0,30816.06,0,8,8,0,1,1,0,-1,-1,"(0.0, 0.0)","(-1.0, -1.0)","(-1.0, -1.0)","(-1.0, -1.0, -1.0)","(0.0, 0.0, 0.0)","(0.0, 0.0, 0.0)","(-1.0, -1.0, -1.0)","(0.0, 0.0, 0.0)","(0.0, 0.0, 0.0)",0,0,0,0,0,0,False,0,0,0,0,0,0,0,0,"(-0.5, 6.8, 24.9)","(0.1, 0.0, 0.0, 1.0)"
0,30844.96,0,8,8,0,1,1,0,-1,-1,"(0.0, 0.0)","(-1.0, -1.0)","(-1.0, -1.0)","(-1.0, -1.0, -1.0)","(0.0, 0.0, 0.0)","(0.0, 0.0, 0.0)","(-1.0, -1.0, -1.0)","(0.0, 0.0, 0.0)","(0.0, 0.0, 0.0)",0,0,0,0,0,0,False,0,0,0,0,0,0,0,0,"(-0.5, 6.8, 25.2)","(0.1, 0.0, 0.0, 1.0)"
0,30872.65,0,8,8,0,1,1,0,-1,-1,"(0.0, 0.0)","(-1.0, -1.0)","(-1.0, -1.0)","(-1.0, -1.0, -1.0)","(0.0, 0.0, 0.0)","(0.0, 0.0, 0.0)","(-1.0, -1.0, -1.0)","(0.0, 0.0, 0.0)","(0.0, 0.0, 0.0)",0,0,0,0,0,0,False,0,0,0,0,0,0,0,0,"(-0.5, 6.8, 25.5)","(0.1, 0.0, 0.0, 1.0)"
0,30908.32,0,8,8,0,1,1,0,-1,-1,"(0.0, 0.0)","(-1.0, -1.0)","(-1.0, -1.0)","(-1.0, -1.0, -1.0)","(0.0, 0.0, 0.0)","(0.0, 0.0, 0.0)","(-1.0, -1.0, -1.0)","(0.0, 0.0, 0.0)","(0.0, 0.0, 0.0)",0,0,0,0,0,0,False,0,0,0,0,0,0,0,0,"(-0.5, 6.8, 25.8)","(0.1, 0.0, 0.0, 1.0)"
0,30943.16,0,8,8,0,1,1,0,-1,-1,"(0.0, 0.0)","(-1.0, -1.0)","(-1.0, -1.0)","(-1.0, -1.0, -1.0)","(0.0, 0.0, 0.0)","(0.0, 0.0, 0.0)","(-1.0, -1.0, -1.0)","(0.0, 0.0, 0.0)","(0.0, 0.0, 0.0)",0,0,0,0,0,0,False,0,0,0,0,0,0,0,0,"(-0.5, 6.8, 26.2)","(0.1, 0.0, 0.0, 1.0)"
0,30974.86,0,8,8,0,1,1,0,-1,-1,"(0.0, 0.0)","(-1.0, -1.0)","(-1.0, -1.0)","(-1.0, -1.0, -1.0)","(0.0, 0.0, 0.0)","(0.0, 0.0, 0.0)","(-1.0, -1.0, -1.0)","(0.0, 0.0, 0.0)","(0.0, 0.0, 0.0)",0,0,0,0,0,0,False,0,0,0,0,0,0,0,0,"(-0.5, 6.8, 26.5)","(0.1, 0.0, 0.0, 1.0)"
0,31004.81,0,8,8,0,1,1,0,-1,-1,"(0.0, 0.0)","(-1.0, -1.0)","(-1.0, -1.0)","(-1.0, -1.0, -1.0)","(0.0, 0.0, 0.0)","(0.0, 0.0, 0.0)","(-1.0, -1.0, -1.0)","(0.0, 0.0, 0.0)","(0.0, 0.0, 0.0)",0,0,0,0,0,0,False,0,0,0,0,0,0,0,0,"(-0.5, 6.8, 26.8)","(0.1, 0.0, 0.0, 1.0)"
0,31036.71,0,8,8,0,1,1,0,-1,-1,"(0.0, 0.0)","(-1.0, -1.0)","(-1.0, -1.0)","(-1.0, -1.0, -1.0)","(0.0, 0.0, 0.0)","(0.0, 0.0, 0.0)","(-1.0, -1.0, -1.0)","(0.0, 0.0, 0.0)","(0.0, 0.0, 0.0)",0,0,0,0,0,0,False,0,0,0,0,0,0,0,0,"(-0.5, 6.7, 27.1)","(0.1, 0.0, 0.0, 1.0)"
0,31065.89,0,8,8,0,1,1,0,-1,-1,"(0.0, 0.0)","(-1.0, -1.0)","(-1.0, -1.0)","(-1.0, -1.0, -1.0)","(0.0, 0.0, 0.0)","(0.0, 0.0, 0.0)","(-1.0, -1.0, -1.0)","(0.0, 0.0, 0.0)","(0.0, 0.0, 0.0)",0,0,0,0,0,0,False,0,0,0,0,0,0,0,0,"(-0.5, 6.7, 27.4)","(0.1, 0.0, 0.0, 1.0)"
0,31116.47,0,8,8,0,1,1,0,-1,-1,"(0.0, 0.0)","(-1.0, -1.0)","(-1.0, -1.0)","(-1.0, -1.0, -1.0)","(0.0, 0.0, 0.0)","(0.0, 0.0, 0.0)","(-1.0, -1.0, -1.0)","(0.0, 0.0, 0.0)","(0.0, 0.0, 0.0)",0,0,0,0,0,0,False,0,0,0,0,0,0,0,0,"(-0.5, 6.7, 27.7)","(0.1, 0.0, 0.0, 1.0)"
0,31159.8,0,8,8,0,1,1,0,-1,-1,"(0.0, 0.0)","(-1.0, -1.0)","(-1.0, -1.0)","(-1.0, -1.0, -1.0)","(0.0, 0.0, 0.0)","(0.0, 0.0, 0.0)","(-1.0, -1.0, -1.0)","(0.0, 0.0, 0.0)","(0.0, 0.0, 0.0)",0,0,0,0,0,0,False,0,0,0,0,0,0,0,0,"(-0.5, 6.7, 28.1)","(0.1, 0.0, 0.0, 1.0)"
0,31207.94,0,8,8,0,1,1,0,-1,-1,"(0.0, 0.0)","(-1.0, -1.0)","(-1.0, -1.0)","(-1.0, -1.0, -1.0)","(0.0, 0.0, 0.0)","(0.0, 0.0, 0.0)","(-1.0, -1.0, -1.0)","(0.0, 0.0, 0.0)","(0.0, 0.0, 0.0)",0,0,0,0,0,0,False,0,0,0,0,0,0,0,0,"(-0.5, 6.7, 28.4)","(0.1, 0.0, 0.0, 1.0)"
0,31240.85,0,8,8,0,1,1,0,-1,-1,"(0.0, 0.0)","(-1.0, -1.0)","(-1.0, -1.0)","(-1.0, -1.0, -1.0)","(0.0, 0.0, 0.0)","(0.0, 0.0, 0.0)","(-1.0, -1.0, -1.0)","(0.0, 0.0, 0.0)","(0.0, 0.0, 0.0)",0,0,0,0,0,0,False,0,0,0,0,0,0,0,0,"(-0.5, 6.7, 28.8)","(0.1, 0.0, 0.0, 1.0)"
0,31274.81,0,8,8,0,1,1,0,-1,-1,"(0.0, 0.0)","(-1.0, -1.0)","(-1.0, -1.0)","(-1.0, -1.0, -1.0)","(0.0, 0.0, 0.0)","(0.0, 0.0, 0.0)","(-1.0, -1.0, -1.0)","(0.0, 0.0, 0.0)","(0.0, 0.0, 0.0)",0,0,0,0,0,0,False,0,0,0,0,0,0,0,0,"(-0.5, 6.7, 29.1)","(0.1, 0.0, 0.0, 1.0)"
0,31308.13,0,8,8,0,1,1,0,-1,-1,"(0.0, 0.0)","(-1.0, -1.0)","(-1.0, -1.0)","(-1.0, -1.0, -1.0)","(0.0, 0.0, 0.0)","(0.0, 0.0, 0.0)","(-1.0, -1.0, -1.0)","(0.0, 0.0, 0.0)","(0.0, 0.0, 0.0)",0,0,0,0,0,0,False,0,0,0,0,0,0,0,0,"(-0.5, 6.7, 29.5)","(0.1, 0.0, 0.0, 1.0)"
0,31344.52,0,8,8,0,1,1,0,-1,-1,"(0.0, 0.0)","(-1.0, -1.0)","(-1.0, -1.0)","(-1.0, -1.0, -1.0)","(0.0, 0.0, 0.0)","(0.0, 0.0, 0.0)","(-1.0, -1.0, -1.0)","(0.0, 0.0, 0.0)","(0.0, 0.0, 0.0)",0,0,0,0,0,0,False,0,0,0,0,0,0,0,0,"(-0.5, 6.7, 29.8)","(0.1, 0.0, 0.0, 1.0)"
0,31377.73,0,8,8,0,1,1,0,-1,-1,"(0.0, 0.0)","(-1.0, -1.0)","(-1.0, -1.0)","(-1.0, -1.0, -1.0)","(0.0, 0.0, 0.0)","(0.0, 0.0, 0.0)","(-1.0, -1.0, -1.0)","(0.0, 0.0, 0.0)","(0.0, 0.0, 0.0)",0,0,0,0,0,0,False,0,0,0,0,0,0,0,0,"(-0.5, 6.7, 30.1)","(0.1, 0.0, 0.0, 1.0)"
0,31408.08,0,8,8,0,1,1,0,-1,-1,"(0.0, 0.0)","(-1.0, -1.0)","(-1.0, -1.0)","(-1.0, -1.0, -1.0)","(0.0, 0.0, 0.0)","(0.0, 0.0, 0.0)","(-1.0, -1.0, -1.0)","(0.0, 0.0, 0.0)","(0.0, 0.0, 0.0)",0,0,0,0,0,0,False,0,0,0,0,0,0,0,0,"(-0.5, 6.7, 30.5)","(0.1, 0.0, 0.0, 1.0)"
0,31444.4,0,8,8,0,1,1,0,-1,-1,"(0.0, 0.0)","(-1.0, -1.0)","(-1.0, -1.0)","(-1.0, -1.0, -1.0)","(0.0, 0.0, 0.0)","(0.0, 0.0, 0.0)","(-1.0, -1.0, -1.0)","(0.0, 0.0, 0.0)","(0.0, 0.0, 0.0)",0,0,0,0,0,0,False,0,0,0,0,0,0,0,0,"(-0.5, 6.7, 30.8)","(0.1, 0.0, 0.0, 1.0)"
0,31477,0,8,8,0,1,1,0,-1,-1,"(0.0, 0.0)","(-1.0, -1.0)","(-1.0, -1.0)","(-1.0, -1.0, -1.0)","(0.0, 0.0, 0.0)","(0.0, 0.0, 0.0)","(-1.0, -1.0, -1.0)","(0.0, 0.0, 0.0)","(0.0, 0.0, 0.0)",0,0,0,0,0,0,False,0,0,0,0,0,0,0,0,"(-0.5, 6.7, 31.2)","(0.1, 0.0, 0.0, 1.0)"
0,31507.82,0,8,8,0,1,1,0,-1,-1,"(0.0, 0.0)","(-1.0, -1.0)","(-1.0, -1.0)","(-1.0, -1.0, -1.0)","(0.0, 0.0, 0.0)","(0.0, 0.0, 0.0)","(-1.0, -1.0, -1.0)","(0.0, 0.0, 0.0)","(0.0, 0.0, 0.0)",0,0,0,0,0,0,False,0,0,0,0,0,0,0,0,"(-0.5, 6.7, 31.5)","(0.1, 0.0, 0.0, 1.0)"
0,31538.38,0,8,8,0,1,1,0,-1,-1,"(0.0, 0.0)","(-1.0, -1.0)","(-1.0, -1.0)","(-1.0, -1.0, -1.0)","(0.0, 0.0, 0.0)","(0.0, 0.0, 0.0)","(-1.0, -1.0, -1.0)","(0.0, 0.0, 0.0)","(0.0, 0.0, 0.0)",0,0,0,0,0,0,False,0,0,0,0,0,0,0,0,"(-0.5, 6.7, 31.9)","(0.1, 0.0, 0.0, 1.0)"
0,31568.61,0,8,8,0,1,1,0,-1,-1,"(0.0, 0.0)","(-1.0, -1.0)","(-1.0, -1.0)","(-1.0, -1.0, -1.0)","(0.0, 0.0, 0.0)","(0.0, 0.0, 0.0)","(-1.0, -1.0, -1.0)","(0.0, 0.0, 0.0)","(0.0, 0.0, 0.0)",0,0,0,0,0,0,False,0,0,0,0,0,0,0,0,"(-0.5, 6.7, 32.2)","(0.1, 0.0, 0.0, 1.0)"
0,31599.75,0,8,8,0,1,1,0,-1,-1,"(0.0, 0.0)","(-1.0, -1.0)","(-1.0, -1.0)","(-1.0, -1.0, -1.0)","(0.0, 0.0, 0.0)","(0.0, 0.0, 0.0)","(-1.0, -1.0, -1.0)","(0.0, 0.0, 0.0)","(0.0, 0.0, 0.0)",0,0,0,0,0,0,False,0,0,0,0,0,0,0,0,"(-0.5, 6.7, 32.5)","(0.1, 0.0, 0.0, 1.0)"
0,31630.83,0,8,8,0,1,1,0,-1,-1,"(0.0, 0.0)","(-1.0, -1.0)","(-1.0, -1.0)","(-1.0, -1.0, -1.0)","(0.0, 0.0, 0.0)","(0.0, 0.0, 0.0)","(-1.0, -1.0, -1.0)","(0.0, 0.0, 0.0)","(0.0, 0.0, 0.0)",0,0,0,0,0,0,False,0,0,0,0,0,0,0,0,"(-0.5, 6.7, 32.9)","(0.1, 0.0, 0.0, 1.0)"
0,31660.86,0,8,8,0,1,1,0,-1,-1,"(0.0, 0.0)","(-1.0, -1.0)","(-1.0, -1.0)","(-1.0, -1.0, -1.0)","(0.0, 0.0, 0.0)","(0.0, 0.0, 0.0)","(-1.0, -1.0, -1.0)","(0.0, 0.0, 0.0)","(0.0, 0.0, 0.0)",0,0,0,0,0,0,False,0,0,0,0,0,0,0,0,"(-0.5, 6.7, 33.2)","(0.1, 0.0, 0.0, 1.0)"
0,31691.44,0,8,8,0,1,1,0,-1,-1,"(0.0, 0.0)","(-1.0, -1.0)","(-1.0, -1.0)","(-1.0, -1.0, -1.0)","(0.0, 0.0, 0.0)","(0.0, 0.0, 0.0)","(-1.0, -1.0, -1.0)","(0.0, 0.0, 0.0)","(0.0, 0.0, 0.0)",0,0,0,0,0,0,False,0,0,0,0,0,0,0,0,"(-0.5, 6.7, 33.5)","(0.1, 0.0, 0.0, 1.0)"
0,31721.76,0,8,8,0,1,1,0,-1,-1,"(0.0, 0.0)","(-1.0, -1.0)","(-1.0, -1.0)","(-1.0, -1.0, -1.0)","(0.0, 0.0, 0.0)","(0.0, 0.0, 0.0)","(-1.0, -1.0, -1.0)","(0.0, 0.0, 0.0)","(0.0, 0.0, 0.0)",0,0,0,0,0,0,False,0,0,0,0,0,0,0,0,"(-0.5, 6.7, 33.8)","(0.1, 0.0, 0.0, 1.0)"
0,31753.15,0,8,8,0,1,1,0,-1,-1,"(0.0, 0.0)","(-1.0, -1.0)","(-1.0, -1.0)","(-1.0, -1.0, -1.0)","(0.0, 0.0, 0.0)","(0.0, 0.0, 0.0)","(-1.0, -1.0, -1.0)","(0.0, 0.0, 0.0)","(0.0, 0.0, 0.0)",0,0,0,0,0,0,False,0,0,0,0,0,0,0,0,"(-0.5, 6.7, 34.1)","(0.1, 0.0, 0.0, 1.0)"
0,31786.42,0,8,8,0,1,1,0,-1,-1,"(0.0, 0.0)","(-1.0, -1.0)","(-1.0, -1.0)","(-1.0, -1.0, -1.0)","(0.0, 0.0, 0.0)","(0.0, 0.0, 0.0)","(-1.0, -1.0, -1.0)","(0.0, 0.0, 0.0)","(0.0, 0.0, 0.0)",0,0,0,0,0,0,False,0,0,0,0,0,0,0,0,"(-0.5, 6.7, 34.5)","(0.1, 0.0, 0.0, 1.0)"
0,31815.47,0,8,8,0,1,1,0,-1,-1,"(0.0, 0.0)","(-1.0, -1.0)","(-1.0, -1.0)","(-1.0, -1.0, -1.0)","(0.0, 0.0, 0.0)","(0.0, 0.0, 0.0)","(-1.0, -1.0, -1.0)","(0.0, 0.0, 0.0)","(0.0, 0.0, 0.0)",0,0,0,0,0,0,False,0,0,0,0,0,0,0,0,"(-0.5, 6.7, 34.8)","(0.1, 0.0, 0.0, 1.0)"
0,31843.36,0,8,8,0,1,1,0,-1,-1,"(0.0, 0.0)","(-1.0, -1.0)","(-1.0, -1.0)","(-1.0, -1.0, -1.0)","(0.0, 0.0, 0.0)","(0.0, 0.0, 0.0)","(-1.0, -1.0, -1.0)","(0.0, 0.0, 0.0)","(0.0, 0.0, 0.0)",0,0,0,0,0,0,False,0,0,0,0,0,0,0,0,"(-0.5, 6.7, 35.1)","(0.1, 0.0, 0.0, 1.0)"
0,31871.5,0,8,8,0,1,1,0,-1,-1,"(0.0, 0.0)","(-1.0, -1.0)","(-1.0, -1.0)","(-1.0, -1.0, -1.0)","(0.0, 0.0, 0.0)","(0.0, 0.0, 0.0)","(-1.0, -1.0, -1.0)","(0.0, 0.0, 0.0)","(0.0, 0.0, 0.0)",0,0,0,0,0,0,False,0,0,0,0,0,0,0,0,"(-0.5, 6.7, 35.4)","(0.1, 0.0, 0.0, 1.0)"
0,31900.38,0,8,8,0,1,1,0,-1,-1,"(0.0, 0.0)","(-1.0, -1.0)","(-1.0, -1.0)","(-1.0, -1.0, -1.0)","(0.0, 0.0, 0.0)","(0.0, 0.0, 0.0)","(-1.0, -1.0, -1.0)","(0.0, 0.0, 0.0)","(0.0, 0.0, 0.0)",0,0,0,0,0,0,False,0,0,0,0,0,0,0,0,"(-0.5, 6.7, 35.7)","(0.1, 0.0, 0.0, 1.0)"
0,31934.35,0,8,8,0,1,1,0,-1,-1,"(0.0, 0.0)","(-1.0, -1.0)","(-1.0, -1.0)","(-1.0, -1.0, -1.0)","(0.0, 0.0, 0.0)","(0.0, 0.0, 0.0)","(-1.0, -1.0, -1.0)","(0.0, 0.0, 0.0)","(0.0, 0.0, 0.0)",0,0,0,0,0,0,False,0,0,0,0,0,0,0,0,"(-0.5, 6.7, 36.0)","(0.1, 0.0, 0.0, 1.0)"
0,31977.51,0,8,8,0,1,1,0,-1,-1,"(0.0, 0.0)","(-1.0, -1.0)","(-1.0, -1.0)","(-1.0, -1.0, -1.0)","(0.0, 0.0, 0.0)","(0.0, 0.0, 0.0)","(-1.0, -1.0, -1.0)","(0.0, 0.0, 0.0)","(0.0, 0.0, 0.0)",0,0,0,0,0,0,False,0,0,0,0,0,0,0,0,"(-0.5, 6.7, 36.4)","(0.1, 0.0, 0.0, 1.0)"
0,32009.06,0,8,8,0,1,1,0,-1,-1,"(0.0, 0.0)","(-1.0, -1.0)","(-1.0, -1.0)","(-1.0, -1.0, -1.0)","(0.0, 0.0, 0.0)","(0.0, 0.0, 0.0)","(-1.0, -1.0, -1.0)","(0.0, 0.0, 0.0)","(0.0, 0.0, 0.0)",0,0,0,0,0,0,False,0,0,0,0,0,0,0,0,"(-0.5, 6.7, 36.7)","(0.1, 0.0, 0.0, 1.0)"
0,32038.49,0,8,8,0,1,1,0,-1,-1,"(0.0, 0.0)","(-1.0, -1.0)","(-1.0, -1.0)","(-1.0, -1.0, -1.0)","(0.0, 0.0, 0.0)","(0.0, 0.0, 0.0)","(-1.0, -1.0, -1.0)","(0.0, 0.0, 0.0)","(0.0, 0.0, 0.0)",0,0,0,0,0,0,False,0,0,0,0,0,0,0,0,"(-0.5, 6.7, 37.0)","(0.1, 0.0, 0.0, 1.0)"
0,32067.52,0,8,8,0,1,1,0,-1,-1,"(0.0, 0.0)","(-1.0, -1.0)","(-1.0, -1.0)","(-1.0, -1.0, -1.0)","(0.0, 0.0, 0.0)","(0.0, 0.0, 0.0)","(-1.0, -1.0, -1.0)","(0.0, 0.0, 0.0)","(0.0, 0.0, 0.0)",0,0,0,0,0,0,False,0,0,0,0,0,0,0,0,"(-0.5, 6.7, 37.3)","(0.1, 0.0, 0.0, 1.0)"
0,32099.91,0,8,8,0,1,1,0,-1,-1,"(0.0, 0.0)","(-1.0, -1.0)","(-1.0, -1.0)","(-1.0, -1.0, -1.0)","(0.0, 0.0, 0.0)","(0.0, 0.0, 0.0)","(-1.0, -1.0, -1.0)","(0.0, 0.0, 0.0)","(0.0, 0.0, 0.0)",0,0,0,0,0,0,False,0,0,0,0,0,0,0,0,"(-0.5, 6.7, 37.7)","(0.1, 0.0, 0.0, 1.0)"
0,32126.55,0,8,8,0,1,1,0,-1,-1,"(0.0, 0.0)","(-1.0, -1.0)","(-1.0, -1.0)","(-1.0, -1.0, -1.0)","(0.0, 0.0, 0.0)","(0.0, 0.0, 0.0)","(-1.0, -1.0, -1.0)","(0.0, 0.0, 0.0)","(0.0, 0.0, 0.0)",0,0,0,0,0,0,False,0,0,0,0,0,0,0,0,"(-0.5, 6.7, 38.0)","(0.1, 0.0, 0.0, 1.0)"
0,32155.94,0,8,8,0,1,1,0,-1,-1,"(0.0, 0.0)","(-1.0, -1.0)","(-1.0, -1.0)","(-1.0, -1.0, -1.0)","(0.0, 0.0, 0.0)","(0.0, 0.0, 0.0)","(-1.0, -1.0, -1.0)","(0.0, 0.0, 0.0)","(0.0, 0.0, 0.0)",0,0,0,0,0,0,False,0,0,0,0,0,0,0,0,"(-0.5, 6.7, 38.3)","(0.1, 0.0, 0.0, 1.0)"
0,32185.09,0,8,8,0,1,1,0,-1,-1,"(0.0, 0.0)","(-1.0, -1.0)","(-1.0, -1.0)","(-1.0, -1.0, -1.0)","(0.0, 0.0, 0.0)","(0.0, 0.0, 0.0)","(-1.0, -1.0, -1.0)","(0.0, 0.0, 0.0)","(0.0, 0.0, 0.0)",0,0,0,0,0,0,False,0,0,0,0,0,0,0,0,"(-0.5, 6.7, 38.6)","(0.1, 0.0, 0.0, 1.0)"
0,32215.3,0,8,8,0,1,1,0,-1,-1,"(0.0, 0.0)","(-1.0, -1.0)","(-1.0, -1.0)","(-1.0, -1.0, -1.0)","(0.0, 0.0, 0.0)","(0.0, 0.0, 0.0)","(-1.0, -1.0, -1.0)","(0.0, 0.0, 0.0)","(0.0, 0.0, 0.0)",0,0,0,0,0,0,False,0,0,0,0,0,0,0,0,"(-0.5, 6.7, 38.9)","(0.1, 0.0, 0.0, 1.0)"
0,32248.23,0,8,8,0,1,1,0,-1,-1,"(0.0, 0.0)","(-1.0, -1.0)","(-1.0, -1.0)","(-1.0, -1.0, -1.0)","(0.0, 0.0, 0.0)","(0.0, 0.0, 0.0)","(-1.0, -1.0, -1.0)","(0.0, 0.0, 0.0)","(0.0, 0.0, 0.0)",0,0,0,0,0,0,False,0,0,0,0,0,0,0,0,"(-0.5, 6.7, 39.2)","(0.1, 0.1, 0.0, 1.0)"
0,32285.95,0,8,8,0,1,1,0,-1,-1,"(0.0, 0.0)","(-1.0, -1.0)","(-1.0, -1.0)","(-1.0, -1.0, -1.0)","(0.0, 0.0, 0.0)","(0.0, 0.0, 0.0)","(-1.0, -1.0, -1.0)","(0.0, 0.0, 0.0)","(0.0, 0.0, 0.0)",0,0,0,0,0,0,False,0,0,0,0,0,0,0,0,"(-0.5, 6.7, 39.5)","(0.1, 0.1, 0.0, 1.0)"
0,32320.07,0,8,8,0,1,1,0,-1,-1,"(0.0, 0.0)","(-1.0, -1.0)","(-1.0, -1.0)","(-1.0, -1.0, -1.0)","(0.0, 0.0, 0.0)","(0.0, 0.0, 0.0)","(-1.0, -1.0, -1.0)","(0.0, 0.0, 0.0)","(0.0, 0.0, 0.0)",0,0,0,0,0,0,False,0,0,0,0,0,0,0,0,"(-0.5, 6.7, 39.9)","(0.1, 0.1, 0.0, 1.0)"
0,32348.17,0,8,8,0,1,1,0,-1,-1,"(0.0, 0.0)","(-1.0, -1.0)","(-1.0, -1.0)","(-1.0, -1.0, -1.0)","(0.0, 0.0, 0.0)","(0.0, 0.0, 0.0)","(-1.0, -1.0, -1.0)","(0.0, 0.0, 0.0)","(0.0, 0.0, 0.0)",0,0,0,0,0,0,False,0,0,0,0,0,0,0,0,"(-0.5, 6.7, 40.2)","(0.1, 0.1, 0.0, 1.0)"
0,32377.37,0,8,8,0,1,1,0,-1,-1,"(0.0, 0.0)","(-1.0, -1.0)","(-1.0, -1.0)","(-1.0, -1.0, -1.0)","(0.0, 0.0, 0.0)","(0.0, 0.0, 0.0)","(-1.0, -1.0, -1.0)","(0.0, 0.0, 0.0)","(0.0, 0.0, 0.0)",0,0,0,0,0,0,False,0,0,0,0,0,0,0,0,"(-0.5, 6.7, 40.5)","(0.1, 0.1, 0.0, 1.0)"
0,32407.78,0,8,8,0,1,1,0,-1,-1,"(0.0, 0.0)","(-1.0, -1.0)","(-1.0, -1.0)","(-1.0, -1.0, -1.0)","(0.0, 0.0, 0.0)","(0.0, 0.0, 0.0)","(-1.0, -1.0, -1.0)","(0.0, 0.0, 0.0)","(0.0, 0.0, 0.0)",0,0,0,0,0,0,False,0,0,0,0,0,0,0,0,"(-0.5, 6.7, 40.8)","(0.1, 0.1, 0.0, 1.0)"
0,32436.75,0,8,8,0,1,1,0,-1,-1,"(0.0, 0.0)","(-1.0, -1.0)","(-1.0, -1.0)","(-1.0, -1.0, -1.0)","(0.0, 0.0, 0.0)","(0.0, 0.0, 0.0)","(-1.0, -1.0, -1.0)","(0.0, 0.0, 0.0)","(0.0, 0.0, 0.0)",0,0,0,0,0,0,False,0,0,0,0,0,0,0,0,"(-0.5, 6.7, 41.1)","(0.1, 0.1, 0.0, 1.0)"
0,32464.84,0,8,8,0,1,1,0,-1,-1,"(0.0, 0.0)","(-1.0, -1.0)","(-1.0, -1.0)","(-1.0, -1.0, -1.0)","(0.0, 0.0, 0.0)","(0.0, 0.0, 0.0)","(-1.0, -1.0, -1.0)","(0.0, 0.0, 0.0)","(0.0, 0.0, 0.0)",0,0,0,0,0,0,False,0,0,0,0,0,0,0,0,"(-0.5, 6.7, 41.4)","(0.1, 0.1, 0.0, 1.0)"
0,32494.21,0,8,8,0,1,1,0,-1,-1,"(0.0, 0.0)","(-1.0, -1.0)","(-1.0, -1.0)","(-1.0, -1.0, -1.0)","(0.0, 0.0, 0.0)","(0.0, 0.0, 0.0)","(-1.0, -1.0, -1.0)","(0.0, 0.0, 0.0)","(0.0, 0.0, 0.0)",0,0,0,0,0,0,False,0,0,0,0,0,0,0,0,"(-0.5, 6.7, 41.7)","(0.1, 0.1, 0.0, 1.0)"
0,32522.37,0,8,8,0,1,1,0,-1,-1,"(0.0, 0.0)","(-1.0, -1.0)","(-1.0, -1.0)","(-1.0, -1.0, -1.0)","(0.0, 0.0, 0.0)","(0.0, 0.0, 0.0)","(-1.0, -1.0, -1.0)","(0.0, 0.0, 0.0)","(0.0, 0.0, 0.0)",0,0,0,0,0,0,False,0,0,0,0,0,0,0,0,"(-0.5, 6.7, 42.0)","(0.1, 0.1, 0.0, 1.0)"
0,32552.39,0,8,8,0,1,1,0,-1,-1,"(0.0, 0.0)","(-1.0, -1.0)","(-1.0, -1.0)","(-1.0, -1.0, -1.0)","(0.0, 0.0, 0.0)","(0.0, 0.0, 0.0)","(-1.0, -1.0, -1.0)","(0.0, 0.0, 0.0)","(0.0, 0.0, 0.0)",0,0,0,0,0,0,False,0,0,0,0,0,0,0,0,"(-0.5, 6.7, 42.3)","(0.1, 0.1, 0.0, 1.0)"
0,32581.88,0,8,8,0,1,1,0,-1,-1,"(0.0, 0.0)","(-1.0, -1.0)","(-1.0, -1.0)","(-1.0, -1.0, -1.0)","(0.0, 0.0, 0.0)","(0.0, 0.0, 0.0)","(-1.0, -1.0, -1.0)","(0.0, 0.0, 0.0)","(0.0, 0.0, 0.0)",0,0,0,0,0,0,False,0,0,0,0,0,0,0,0,"(-0.5, 6.7, 42.6)","(0.1, 0.1, 0.0, 1.0)"
0,32612.5,0,8,8,0,1,1,0,-1,-1,"(0.0, 0.0)","(-1.0, -1.0)","(-1.0, -1.0)","(-1.0, -1.0, -1.0)","(0.0, 0.0, 0.0)","(0.0, 0.0, 0.0)","(-1.0, -1.0, -1.0)","(0.0, 0.0, 0.0)","(0.0, 0.0, 0.0)",0,0,0,0,0,0,False,0,0,0,0,0,0,0,0,"(-0.5, 6.7, 42.9)","(0.1, 0.1, 0.0, 1.0)"
0,32643.24,0,8,8,0,1,1,0,-1,-1,"(0.0, 0.0)","(-1.0, -1.0)","(-1.0, -1.0)","(-1.0, -1.0, -1.0)","(0.0, 0.0, 0.0)","(0.0, 0.0, 0.0)","(-1.0, -1.0, -1.0)","(0.0, 0.0, 0.0)","(0.0, 0.0, 0.0)",0,0,0,0,0,0,False,0,0,0,0,0,0,0,0,"(-0.5, 6.7, 43.2)","(0.1, 0.1, 0.0, 1.0)"
0,32671.45,0,8,8,0,1,1,0,-1,-1,"(0.0, 0.0)","(-1.0, -1.0)","(-1.0, -1.0)","(-1.0, -1.0, -1.0)","(0.0, 0.0, 0.0)","(0.0, 0.0, 0.0)","(-1.0, -1.0, -1.0)","(0.0, 0.0, 0.0)","(0.0, 0.0, 0.0)",0,0,0,0,0,0,False,0,0,0,0,0,0,0,0,"(-0.5, 6.7, 43.5)","(0.1, 0.1, 0.0, 1.0)"
0,32701.19,0,8,8,0,1,1,0,-1,-1,"(0.0, 0.0)","(-1.0, -1.0)","(-1.0, -1.0)","(-1.0, -1.0, -1.0)","(0.0, 0.0, 0.0)","(0.0, 0.0, 0.0)","(-1.0, -1.0, -1.0)","(0.0, 0.0, 0.0)","(0.0, 0.0, 0.0)",0,0,0,0,0,0,False,0,0,0,0,0,0,0,0,"(-0.5, 6.7, 43.8)","(0.1, 0.1, 0.0, 1.0)"
0,32730.91,0,8,8,0,1,1,0,-1,-1,"(0.0, 0.0)","(-1.0, -1.0)","(-1.0, -1.0)","(-1.0, -1.0, -1.0)","(0.0, 0.0, 0.0)","(0.0, 0.0, 0.0)","(-1.0, -1.0, -1.0)","(0.0, 0.0, 0.0)","(0.0, 0.0, 0.0)",0,0,0,0,0,0,False,0,0,0,0,0,0,0,0,"(-0.5, 6.7, 44.1)","(0.1, 0.1, 0.0, 1.0)"
0,32762.49,0,8,8,0,1,1,0,-1,-1,"(0.0, 0.0)","(-1.0, -1.0)","(-1.0, -1.0)","(-1.0, -1.0, -1.0)","(0.0, 0.0, 0.0)","(0.0, 0.0, 0.0)","(-1.0, -1.0, -1.0)","(0.0, 0.0, 0.0)","(0.0, 0.0, 0.0)",0,0,0,0,0,0,False,0,0,0,0,0,0,0,0,"(-0.5, 6.7, 44.4)","(0.1, 0.1, 0.0, 1.0)"
0,32798.04,0,8,8,0,1,1,0,-1,-1,"(0.0, 0.0)","(-1.0, -1.0)","(-1.0, -1.0)","(-1.0, -1.0, -1.0)","(0.0, 0.0, 0.0)","(0.0, 0.0, 0.0)","(-1.0, -1.0, -1.0)","(0.0, 0.0, 0.0)","(0.0, 0.0, 0.0)",0,0,0,0,0,0,False,0,0,0,0,0,0,0,0,"(-0.5, 6.7, 44.7)","(0.1, 0.1, 0.0, 1.0)"
0,32833.16,0,8,8,0,1,1,0,-1,-1,"(0.0, 0.0)","(-1.0, -1.0)","(-1.0, -1.0)","(-1.0, -1.0, -1.0)","(0.0, 0.0, 0.0)","(0.0, 0.0, 0.0)","(-1.0, -1.0, -1.0)","(0.0, 0.0, 0.0)","(0.0, 0.0, 0.0)",0,0,0,0,0,0,False,0,0,0,0,0,0,0,0,"(-0.5, 6.7, 45.1)","(0.1, 0.1, 0.0, 1.0)"
0,32863.34,0,8,8,0,1,1,0,-1,-1,"(0.0, 0.0)","(-1.0, -1.0)","(-1.0, -1.0)","(-1.0, -1.0, -1.0)","(0.0, 0.0, 0.0)","(0.0, 0.0, 0.0)","(-1.0, -1.0, -1.0)","(0.0, 0.0, 0.0)","(0.0, 0.0, 0.0)",0,0,0,0,0,0,False,0,0,0,0,0,0,0,0,"(-0.5, 6.7, 45.4)","(0.1, 0.1, 0.0, 1.0)"
0,32893.28,0,8,8,0,1,1,0,-1,-1,"(0.0, 0.0)","(-1.0, -1.0)","(-1.0, -1.0)","(-1.0, -1.0, -1.0)","(0.0, 0.0, 0.0)","(0.0, 0.0, 0.0)","(-1.0, -1.0, -1.0)","(0.0, 0.0, 0.0)","(0.0, 0.0, 0.0)",0,0,0,0,0,0,False,0,0,0,0,0,0,0,0,"(-0.5, 6.7, 45.7)","(0.1, 0.1, 0.0, 1.0)"
0,32922.09,0,8,8,0,1,1,0,-1,-1,"(0.0, 0.0)","(-1.0, -1.0)","(-1.0, -1.0)","(-1.0, -1.0, -1.0)","(0.0, 0.0, 0.0)","(0.0, 0.0, 0.0)","(-1.0, -1.0, -1.0)","(0.0, 0.0, 0.0)","(0.0, 0.0, 0.0)",0,0,0,0,0,0,False,0,0,0,0,0,0,0,0,"(-0.5, 6.7, 46.0)","(0.1, 0.1, 0.0, 1.0)"
0,32954.41,0,8,8,0,1,1,0,-1,-1,"(0.0, 0.0)","(-1.0, -1.0)","(-1.0, -1.0)","(-1.0, -1.0, -1.0)","(0.0, 0.0, 0.0)","(0.0, 0.0, 0.0)","(-1.0, -1.0, -1.0)","(0.0, 0.0, 0.0)","(0.0, 0.0, 0.0)",0,0,0,0,0,0,False,0,0,0,0,0,0,0,0,"(-0.5, 6.7, 46.3)","(0.1, 0.1, 0.0, 1.0)"
0,33007.1,0,8,8,0,1,1,0,-1,-1,"(0.0, 0.0)","(-1.0, -1.0)","(-1.0, -1.0)","(-1.0, -1.0, -1.0)","(0.0, 0.0, 0.0)","(0.0, 0.0, 0.0)","(-1.0, -1.0, -1.0)","(0.0, 0.0, 0.0)","(0.0, 0.0, 0.0)",0,0,0,0,0,0,False,0,0,0,0,0,0,0,0,"(-0.5, 6.7, 46.6)","(0.1, 0.1, 0.0, 1.0)"
0,33062.05,0,8,8,0,1,1,0,-1,-1,"(0.0, 0.0)","(-1.0, -1.0)","(-1.0, -1.0)","(-1.0, -1.0, -1.0)","(0.0, 0.0, 0.0)","(0.0, 0.0, 0.0)","(-1.0, -1.0, -1.0)","(0.0, 0.0, 0.0)","(0.0, 0.0, 0.0)",0,0,0,0,0,0,False,0,0,0,0,0,0,0,0,"(-0.5, 6.7, 47.0)","(0.1, 0.1, 0.0, 1.0)"
0,33112.51,0,8,8,0,1,1,0,-1,-1,"(0.0, 0.0)","(-1.0, -1.0)","(-1.0, -1.0)","(-1.0, -1.0, -1.0)","(0.0, 0.0, 0.0)","(0.0, 0.0, 0.0)","(-1.0, -1.0, -1.0)","(0.0, 0.0, 0.0)","(0.0, 0.0, 0.0)",0,0,0,0,0,0,False,0,0,0,0,0,0,0,0,"(-0.5, 6.7, 47.3)","(0.1, 0.1, 0.0, 1.0)"
0,33146.46,0,8,8,0,1,1,0,-1,-1,"(0.0, 0.0)","(-1.0, -1.0)","(-1.0, -1.0)","(-1.0, -1.0, -1.0)","(0.0, 0.0, 0.0)","(0.0, 0.0, 0.0)","(-1.0, -1.0, -1.0)","(0.0, 0.0, 0.0)","(0.0, 0.0, 0.0)",0,0,0,0,0,0,False,0,0,0,0,0,0,0,0,"(-0.5, 6.7, 47.7)","(0.1, 0.1, 0.0, 1.0)"
0,33178.03,0,8,8,0,1,1,0,-1,-1,"(0.0, 0.0)","(-1.0, -1.0)","(-1.0, -1.0)","(-1.0, -1.0, -1.0)","(0.0, 0.0, 0.0)","(0.0, 0.0, 0.0)","(-1.0, -1.0, -1.0)","(0.0, 0.0, 0.0)","(0.0, 0.0, 0.0)",0,0,0,0,0,0,False,0,0,0,0,0,0,0,0,"(-0.5, 6.7, 48.1)","(0.1, 0.1, 0.0, 1.0)"
0,33208.78,0,8,8,0,1,1,0,-1,-1,"(0.0, 0.0)","(-1.0, -1.0)","(-1.0, -1.0)","(-1.0, -1.0, -1.0)","(0.0, 0.0, 0.0)","(0.0, 0.0, 0.0)","(-1.0, -1.0, -1.0)","(0.0, 0.0, 0.0)","(0.0, 0.0, 0.0)",0,0,0,0,0,0,False,0,0,0,0,0,0,0,0,"(-0.5, 6.7, 48.4)","(0.1, 0.1, 0.0, 1.0)"
0,33241.94,0,8,8,0,1,1,0,-1,-1,"(0.0, 0.0)","(-1.0, -1.0)","(-1.0, -1.0)","(-1.0, -1.0, -1.0)","(0.0, 0.0, 0.0)","(0.0, 0.0, 0.0)","(-1.0, -1.0, -1.0)","(0.0, 0.0, 0.0)","(0.0, 0.0, 0.0)",0,0,0,0,0,0,False,0,0,0,0,0,0,0,0,"(-0.5, 6.7, 48.8)","(0.1, 0.1, 0.0, 1.0)"
0,33274.42,0,8,8,0,1,1,0,-1,-1,"(0.0, 0.0)","(-1.0, -1.0)","(-1.0, -1.0)","(-1.0, -1.0, -1.0)","(0.0, 0.0, 0.0)","(0.0, 0.0, 0.0)","(-1.0, -1.0, -1.0)","(0.0, 0.0, 0.0)","(0.0, 0.0, 0.0)",0,0,0,0,0,0,False,0,0,0,0,0,0,0,0,"(-0.5, 6.7, 49.1)","(0.1, 0.1, 0.0, 1.0)"
0,33310.03,0,8,8,0,1,1,0,-1,-1,"(0.0, 0.0)","(-1.0, -1.0)","(-1.0, -1.0)","(-1.0, -1.0, -1.0)","(0.0, 0.0, 0.0)","(0.0, 0.0, 0.0)","(-1.0, -1.0, -1.0)","(0.0, 0.0, 0.0)","(0.0, 0.0, 0.0)",0,0,0,0,0,0,False,0,0,0,0,0,0,0,0,"(-0.5, 6.7, 49.5)","(0.1, 0.1, 0.0, 1.0)"
0,33345.3,0,8,8,0,1,1,0,-1,-1,"(0.0, 0.0)","(-1.0, -1.0)","(-1.0, -1.0)","(-1.0, -1.0, -1.0)","(0.0, 0.0, 0.0)","(0.0, 0.0, 0.0)","(-1.0, -1.0, -1.0)","(0.0, 0.0, 0.0)","(0.0, 0.0, 0.0)",0,0,0,0,0,0,False,0,0,0,0,0,0,0,0,"(-0.5, 6.7, 49.8)","(0.1, 0.1, 0.0, 1.0)"
0,33374.74,0,8,8,0,1,1,0,-1,-1,"(0.0, 0.0)","(-1.0, -1.0)","(-1.0, -1.0)","(-1.0, -1.0, -1.0)","(0.0, 0.0, 0.0)","(0.0, 0.0, 0.0)","(-1.0, -1.0, -1.0)","(0.0, 0.0, 0.0)","(0.0, 0.0, 0.0)",0,0,0,0,0,0,False,0,0,0,0,0,0,0,0,"(-0.5, 6.7, 50.2)","(0.1, 0.1, 0.0, 1.0)"
0,33405.58,0,8,8,0,1,1,0,-1,-1,"(0.0, 0.0)","(-1.0, -1.0)","(-1.0, -1.0)","(-1.0, -1.0, -1.0)","(0.0, 0.0, 0.0)","(0.0, 0.0, 0.0)","(-1.0, -1.0, -1.0)","(0.0, 0.0, 0.0)","(0.0, 0.0, 0.0)",0,0,0,0,0,0,False,0,0,0,0,0,0,0,0,"(-0.5, 6.7, 50.5)","(0.1, 0.1, 0.0, 1.0)"
0,33435.96,0,8,8,0,1,1,0,-1,-1,"(0.0, 0.0)","(-1.0, -1.0)","(-1.0, -1.0)","(-1.0, -1.0, -1.0)","(0.0, 0.0, 0.0)","(0.0, 0.0, 0.0)","(-1.0, -1.0, -1.0)","(0.0, 0.0, 0.0)","(0.0, 0.0, 0.0)",0,0,0,0,0,0,False,0,0,0,0,0,0,0,0,"(-0.5, 6.7, 50.8)","(0.1, 0.1, 0.0, 1.0)"
0,33468.76,0,8,8,0,1,1,0,-1,-1,"(0.0, 0.0)","(-1.0, -1.0)","(-1.0, -1.0)","(-1.0, -1.0, -1.0)","(0.0, 0.0, 0.0)","(0.0, 0.0, 0.0)","(-1.0, -1.0, -1.0)","(0.0, 0.0, 0.0)","(0.0, 0.0, 0.0)",0,0,0,0,0,0,False,0,0,0,0,0,0,0,0,"(-0.5, 6.7, 51.2)","(0.1, 0.1, 0.0, 1.0)"
0,33500.95,0,8,8,0,1,1,0,-1,-1,"(0.0, 0.0)","(-1.0, -1.0)","(-1.0, -1.0)","(-1.0, -1.0, -1.0)","(0.0, 0.0, 0.0)","(0.0, 0.0, 0.0)","(-1.0, -1.0, -1.0)","(0.0, 0.0, 0.0)","(0.0, 0.0, 0.0)",0,0,0,0,0,0,False,0,0,0,0,0,0,0,0,"(-0.5, 6.7, 51.5)","(0.1, 0.1, 0.0, 1.0)"
0,33530.29,0,8,8,0,1,1,0,-1,-1,"(0.0, 0.0)","(-1.0, -1.0)","(-1.0, -1.0)","(-1.0, -1.0, -1.0)","(0.0, 0.0, 0.0)","(0.0, 0.0, 0.0)","(-1.0, -1.0, -1.0)","(0.0, 0.0, 0.0)","(0.0, 0.0, 0.0)",0,0,0,0,0,0,False,0,0,0,0,0,0,0,0,"(-0.5, 6.7, 51.9)","(0.1, 0.1, 0.0, 1.0)"
0,33562.34,0,8,8,0,1,1,0,-1,-1,"(0.0, 0.0)","(-1.0, -1.0)","(-1.0, -1.0)","(-1.0, -1.0, -1.0)","(0.0, 0.0, 0.0)","(0.0, 0.0, 0.0)","(-1.0, -1.0, -1.0)","(0.0, 0.0, 0.0)","(0.0, 0.0, 0.0)",0,0,0,0,0,0,False,0,0,0,0,0,0,0,0,"(-0.5, 6.7, 52.2)","(0.1, 0.1, 0.0, 1.0)"
0,33598.65,0,8,8,0,1,1,0,-1,-1,"(0.0, 0.0)","(-1.0, -1.0)","(-1.0, -1.0)","(-1.0, -1.0, -1.0)","(0.0, 0.0, 0.0)","(0.0, 0.0, 0.0)","(-1.0, -1.0, -1.0)","(0.0, 0.0, 0.0)","(0.0, 0.0, 0.0)",0,0,0,0,0,0,False,0,0,0,0,0,0,0,0,"(-0.5, 6.7, 52.5)","(0.1, 0.1, 0.0, 1.0)"
0,33636.22,0,8,8,0,1,1,0,-1,-1,"(0.0, 0.0)","(-1.0, -1.0)","(-1.0, -1.0)","(-1.0, -1.0, -1.0)","(0.0, 0.0, 0.0)","(0.0, 0.0, 0.0)","(-1.0, -1.0, -1.0)","(0.0, 0.0, 0.0)","(0.0, 0.0, 0.0)",0,0,0,0,0,0,False,0,0,0,0,0,0,0,0,"(-0.5, 6.7, 52.9)","(0.1, 0.1, 0.0, 1.0)"
0,33666.98,0,8,8,0,1,1,0,-1,-1,"(0.0, 0.0)","(-1.0, -1.0)","(-1.0, -1.0)","(-1.0, -1.0, -1.0)","(0.0, 0.0, 0.0)","(0.0, 0.0, 0.0)","(-1.0, -1.0, -1.0)","(0.0, 0.0, 0.0)","(0.0, 0.0, 0.0)",0,0,0,0,0,0,False,0,0,0,0,0,0,0,0,"(-0.5, 6.7, 53.2)","(0.1, 0.1, 0.0, 1.0)"
0,33697.36,0,8,8,0,1,1,0,-1,-1,"(0.0, 0.0)","(-1.0, -1.0)","(-1.0, -1.0)","(-1.0, -1.0, -1.0)","(0.0, 0.0, 0.0)","(0.0, 0.0, 0.0)","(-1.0, -1.0, -1.0)","(0.0, 0.0, 0.0)","(0.0, 0.0, 0.0)",0,0,0,0,0,0,False,0,0,0,0,0,0,0,0,"(-0.5, 6.7, 53.5)","(0.1, 0.1, 0.0, 1.0)"
0,33734.18,0,8,8,0,1,1,0,-1,-1,"(0.0, 0.0)","(-1.0, -1.0)","(-1.0, -1.0)","(-1.0, -1.0, -1.0)","(0.0, 0.0, 0.0)","(0.0, 0.0, 0.0)","(-1.0, -1.0, -1.0)","(0.0, 0.0, 0.0)","(0.0, 0.0, 0.0)",0,0,0,0,0,0,False,0,0,0,0,0,0,0,0,"(-0.5, 6.7, 53.9)","(0.1, 0.1, 0.0, 1.0)"
0,33767.13,0,8,8,0,1,1,0,-1,-1,"(0.0, 0.0)","(-1.0, -1.0)","(-1.0, -1.0)","(-1.0, -1.0, -1.0)","(0.0, 0.0, 0.0)","(0.0, 0.0, 0.0)","(-1.0, -1.0, -1.0)","(0.0, 0.0, 0.0)","(0.0, 0.0, 0.0)",0,0,0,0,0,0,False,0,0,0,0,0,0,0,0,"(-0.5, 6.7, 54.2)","(0.1, 0.1, 0.0, 1.0)"
0,33799.62,0,8,8,0,1,1,0,-1,-1,"(0.0, 0.0)","(-1.0, -1.0)","(-1.0, -1.0)","(-1.0, -1.0, -1.0)","(0.0, 0.0, 0.0)","(0.0, 0.0, 0.0)","(-1.0, -1.0, -1.0)","(0.0, 0.0, 0.0)","(0.0, 0.0, 0.0)",0,0,0,0,0,0,False,0,0,0,0,0,0,0,0,"(-0.5, 6.7, 54.5)","(0.1, 0.1, 0.0, 1.0)"
0,33835.35,0,8,8,0,1,1,0,-1,-1,"(0.0, 0.0)","(-1.0, -1.0)","(-1.0, -1.0)","(-1.0, -1.0, -1.0)","(0.0, 0.0, 0.0)","(0.0, 0.0, 0.0)","(-1.0, -1.0, -1.0)","(0.0, 0.0, 0.0)","(0.0, 0.0, 0.0)",0,0,0,0,0,0,False,0,0,0,0,0,0,0,0,"(-0.5, 6.7, 54.9)","(0.1, 0.1, 0.0, 1.0)"
0,33867.18,0,8,8,0,1,1,0,-1,-1,"(0.0, 0.0)","(-1.0, -1.0)","(-1.0, -1.0)","(-1.0, -1.0, -1.0)","(0.0, 0.0, 0.0)","(0.0, 0.0, 0.0)","(-1.0, -1.0, -1.0)","(0.0, 0.0, 0.0)","(0.0, 0.0, 0.0)",0,0,0,0,0,0,False,0,0,0,0,0,0,0,0,"(-0.5, 6.7, 55.2)","(0.1, 0.1, 0.0, 1.0)"
0,33897.26,0,8,8,0,1,1,0,-1,-1,"(0.0, 0.0)","(-1.0, -1.0)","(-1.0, -1.0)","(-1.0, -1.0, -1.0)","(0.0, 0.0, 0.0)","(0.0, 0.0, 0.0)","(-1.0, -1.0, -1.0)","(0.0, 0.0, 0.0)","(0.0, 0.0, 0.0)",0,0,0,0,0,0,False,0,0,0,0,0,0,0,0,"(-0.5, 6.7, 55.5)","(0.1, 0.1, 0.0, 1.0)"
0,33928.74,0,8,8,0,1,1,0,-1,-1,"(0.0, 0.0)","(-1.0, -1.0)","(-1.0, -1.0)","(-1.0, -1.0, -1.0)","(0.0, 0.0, 0.0)","(0.0, 0.0, 0.0)","(-1.0, -1.0, -1.0)","(0.0, 0.0, 0.0)","(0.0, 0.0, 0.0)",0,0,0,0,0,0,False,0,0,0,0,0,0,0,0,"(-0.5, 6.7, 55.9)","(0.1, 0.1, 0.0, 1.0)"
0,33960.2,0,8,8,0,1,1,0,-1,-1,"(0.0, 0.0)","(-1.0, -1.0)","(-1.0, -1.0)","(-1.0, -1.0, -1.0)","(0.0, 0.0, 0.0)","(0.0, 0.0, 0.0)","(-1.0, -1.0, -1.0)","(0.0, 0.0, 0.0)","(0.0, 0.0, 0.0)",0,0,0,0,0,0,False,0,0,0,0,0,0,0,0,"(-0.5, 6.7, 56.2)","(0.1, 0.1, 0.0, 1.0)"
0,33990.5,0,8,8,0,1,1,0,-1,-1,"(0.0, 0.0)","(-1.0, -1.0)","(-1.0, -1.0)","(-1.0, -1.0, -1.0)","(0.0, 0.0, 0.0)","(0.0, 0.0, 0.0)","(-1.0, -1.0, -1.0)","(0.0, 0.0, 0.0)","(0.0, 0.0, 0.0)",0,0,0,0,0,0,False,0,0,0,0,0,0,0,0,"(-0.5, 6.7, 56.5)","(0.1, 0.1, 0.0, 1.0)"
0,34020.28,0,8,8,0,1,1,0,-1,-1,"(0.0, 0.0)","(-1.0, -1.0)","(-1.0, -1.0)","(-1.0, -1.0, -1.0)","(0.0, 0.0, 0.0)","(0.0, 0.0, 0.0)","(-1.0, -1.0, -1.0)","(0.0, 0.0, 0.0)","(0.0, 0.0, 0.0)",0,0,0,0,0,0,False,0,0,0,0,0,0,0,0,"(-0.5, 6.7, 56.8)","(0.1, 0.1, 0.0, 1.0)"
0,34050,0,8,8,0,1,1,0,-1,-1,"(0.0, 0.0)","(-1.0, -1.0)","(-1.0, -1.0)","(-1.0, -1.0, -1.0)","(0.0, 0.0, 0.0)","(0.0, 0.0, 0.0)","(-1.0, -1.0, -1.0)","(0.0, 0.0, 0.0)","(0.0, 0.0, 0.0)",0,0,0,0,0,0,False,0,0,0,0,0,0,0,0,"(-0.5, 6.7, 57.1)","(0.1, 0.1, 0.0, 1.0)"
0,34086.57,0,8,8,0,1,1,0,-1,-1,"(0.0, 0.0)","(-1.0, -1.0)","(-1.0, -1.0)","(-1.0, -1.0, -1.0)","(0.0, 0.0, 0.0)","(0.0, 0.0, 0.0)","(-1.0, -1.0, -1.0)","(0.0, 0.0, 0.0)","(0.0, 0.0, 0.0)",0,0,0,0,0,0,False,0,0,0,0,0,0,0,0,"(-0.5, 6.7, 57.5)","(0.1, 0.1, 0.0, 1.0)"
0,34116.5,0,8,8,0,1,1,0,-1,-1,"(0.0, 0.0)","(-1.0, -1.0)","(-1.0, -1.0)","(-1.0, -1.0, -1.0)","(0.0, 0.0, 0.0)","(0.0, 0.0, 0.0)","(-1.0, -1.0, -1.0)","(0.0, 0.0, 0.0)","(0.0, 0.0, 0.0)",0,0,0,0,0,0,False,0,0,0,0,0,0,0,0,"(-0.5, 6.7, 57.8)","(0.1, 0.1, 0.0, 1.0)"
0,34147.39,0,8,8,0,1,1,0,-1,-1,"(0.0, 0.0)","(-1.0, -1.0)","(-1.0, -1.0)","(-1.0, -1.0, -1.0)","(0.0, 0.0, 0.0)","(0.0, 0.0, 0.0)","(-1.0, -1.0, -1.0)","(0.0, 0.0, 0.0)","(0.0, 0.0, 0.0)",0,0,0,0,0,0,False,0,0,0,0,0,0,0,0,"(-0.5, 6.7, 58.1)","(0.1, 0.1, 0.0, 1.0)"
0,34179.18,0,8,8,0,1,1,0,-1,-1,"(0.0, 0.0)","(-1.0, -1.0)","(-1.0, -1.0)","(-1.0, -1.0, -1.0)","(0.0, 0.0, 0.0)","(0.0, 0.0, 0.0)","(-1.0, -1.0, -1.0)","(0.0, 0.0, 0.0)","(0.0, 0.0, 0.0)",0,0,0,0,0,0,False,0,0,0,0,0,0,0,0,"(-0.5, 6.7, 58.4)","(0.1, 0.1, 0.0, 1.0)"
0,34206.8,0,8,8,0,1,1,0,-1,-1,"(0.0, 0.0)","(-1.0, -1.0)","(-1.0, -1.0)","(-1.0, -1.0, -1.0)","(0.0, 0.0, 0.0)","(0.0, 0.0, 0.0)","(-1.0, -1.0, -1.0)","(0.0, 0.0, 0.0)","(0.0, 0.0, 0.0)",0,0,0,0,0,0,False,0,0,0,0,0,0,0,0,"(-0.5, 6.7, 58.8)","(0.1, 0.1, 0.0, 1.0)"
0,34237.88,0,8,8,0,1,1,0,-1,-1,"(0.0, 0.0)","(-1.0, -1.0)","(-1.0, -1.0)","(-1.0, -1.0, -1.0)","(0.0, 0.0, 0.0)","(0.0, 0.0, 0.0)","(-1.0, -1.0, -1.0)","(0.0, 0.0, 0.0)","(0.0, 0.0, 0.0)",0,0,0,0,0,0,False,0,0,0,0,0,0,0,0,"(-0.5, 6.7, 59.1)","(0.1, 0.1, 0.0, 1.0)"
0,34267.78,0,8,8,0,1,1,0,-1,-1,"(0.0, 0.0)","(-1.0, -1.0)","(-1.0, -1.0)","(-1.0, -1.0, -1.0)","(0.0, 0.0, 0.0)","(0.0, 0.0, 0.0)","(-1.0, -1.0, -1.0)","(0.0, 0.0, 0.0)","(0.0, 0.0, 0.0)",0,0,0,0,0,0,False,0,0,0,0,0,0,0,0,"(-0.5, 6.7, 59.4)","(0.1, 0.1, 0.0, 1.0)"
0,34301.29,0,8,8,0,1,1,0,-1,-1,"(0.0, 0.0)","(-1.0, -1.0)","(-1.0, -1.0)","(-1.0, -1.0, -1.0)","(0.0, 0.0, 0.0)","(0.0, 0.0, 0.0)","(-1.0, -1.0, -1.0)","(0.0, 0.0, 0.0)","(0.0, 0.0, 0.0)",0,0,0,0,0,0,False,0,0,0,0,0,0,0,0,"(-0.5, 6.7, 59.7)","(0.1, 0.1, 0.0, 1.0)"
0,34332.06,0,8,8,0,1,1,0,-1,-1,"(0.0, 0.0)","(-1.0, -1.0)","(-1.0, -1.0)","(-1.0, -1.0, -1.0)","(0.0, 0.0, 0.0)","(0.0, 0.0, 0.0)","(-1.0, -1.0, -1.0)","(0.0, 0.0, 0.0)","(0.0, 0.0, 0.0)",0,0,0,0,0,0,False,0,0,0,0,0,0,0,0,"(-0.5, 6.7, 60.0)","(0.1, 0.1, 0.0, 1.0)"
0,34365.3,0,8,8,0,1,1,0,-1,-1,"(0.0, 0.0)","(-1.0, -1.0)","(-1.0, -1.0)","(-1.0, -1.0, -1.0)","(0.0, 0.0, 0.0)","(0.0, 0.0, 0.0)","(-1.0, -1.0, -1.0)","(0.0, 0.0, 0.0)","(0.0, 0.0, 0.0)",0,0,0,0,0,0,False,0,0,0,0,0,0,0,0,"(-0.5, 6.7, 60.3)","(0.1, 0.1, 0.0, 1.0)"
0,34398.6,0,8,8,0,1,1,0,-1,-1,"(0.0, 0.0)","(-1.0, -1.0)","(-1.0, -1.0)","(-1.0, -1.0, -1.0)","(0.0, 0.0, 0.0)","(0.0, 0.0, 0.0)","(-1.0, -1.0, -1.0)","(0.0, 0.0, 0.0)","(0.0, 0.0, 0.0)",0,0,0,0,0,0,False,0,0,0,0,0,0,0,0,"(-0.5, 6.7, 60.6)","(0.1, 0.1, 0.0, 1.0)"
0,34426.01,0,8,8,0,1,1,0,-1,-1,"(0.0, 0.0)","(-1.0, -1.0)","(-1.0, -1.0)","(-1.0, -1.0, -1.0)","(0.0, 0.0, 0.0)","(0.0, 0.0, 0.0)","(-1.0, -1.0, -1.0)","(0.0, 0.0, 0.0)","(0.0, 0.0, 0.0)",0,0,0,0,0,0,False,0,0,0,0,0,0,0,0,"(-0.5, 6.7, 61.0)","(0.1, 0.1, 0.0, 1.0)"
0,34458.22,0,8,8,0,1,1,0,-1,-1,"(0.0, 0.0)","(-1.0, -1.0)","(-1.0, -1.0)","(-1.0, -1.0, -1.0)","(0.0, 0.0, 0.0)","(0.0, 0.0, 0.0)","(-1.0, -1.0, -1.0)","(0.0, 0.0, 0.0)","(0.0, 0.0, 0.0)",0,0,0,0,0,0,False,0,0,0,0,0,0,0,0,"(-0.5, 6.7, 61.3)","(0.1, 0.1, 0.0, 1.0)"
0,34488.17,0,8,8,0,1,1,0,-1,-1,"(0.0, 0.0)","(-1.0, -1.0)","(-1.0, -1.0)","(-1.0, -1.0, -1.0)","(0.0, 0.0, 0.0)","(0.0, 0.0, 0.0)","(-1.0, -1.0, -1.0)","(0.0, 0.0, 0.0)","(0.0, 0.0, 0.0)",0,0,0,0,0,0,False,0,0,0,0,0,0,0,0,"(-0.5, 6.7, 61.6)","(0.1, 0.1, 0.0, 1.0)"
0,34518.27,0,8,8,0,1,1,0,-1,-1,"(0.0, 0.0)","(-1.0, -1.0)","(-1.0, -1.0)","(-1.0, -1.0, -1.0)","(0.0, 0.0, 0.0)","(0.0, 0.0, 0.0)","(-1.0, -1.0, -1.0)","(0.0, 0.0, 0.0)","(0.0, 0.0, 0.0)",0,0,0,0,0,0,False,0,0,0,0,0,0,0,0,"(-0.5, 6.7, 61.9)","(0.1, 0.1, 0.0, 1.0)"
0,34549.04,0,8,8,0,1,1,0,-1,-1,"(0.0, 0.0)","(-1.0, -1.0)","(-1.0, -1.0)","(-1.0, -1.0, -1.0)","(0.0, 0.0, 0.0)","(0.0, 0.0, 0.0)","(-1.0, -1.0, -1.0)","(0.0, 0.0, 0.0)","(0.0, 0.0, 0.0)",0,0,0,0,0,0,False,0,0,0,0,0,0,0,0,"(-0.5, 6.7, 62.2)","(0.1, 0.1, 0.0, 1.0)"
0,34578.32,0,8,8,0,1,1,0,-1,-1,"(0.0, 0.0)","(-1.0, -1.0)","(-1.0, -1.0)","(-1.0, -1.0, -1.0)","(0.0, 0.0, 0.0)","(0.0, 0.0, 0.0)","(-1.0, -1.0, -1.0)","(0.0, 0.0, 0.0)","(0.0, 0.0, 0.0)",0,0,0,0,0,0,False,0,0,0,0,0,0,0,0,"(-0.5, 6.7, 62.5)","(0.1, 0.1, 0.0, 1.0)"
0,34607.95,0,8,8,0,1,1,0,-1,-1,"(0.0, 0.0)","(-1.0, -1.0)","(-1.0, -1.0)","(-1.0, -1.0, -1.0)","(0.0, 0.0, 0.0)","(0.0, 0.0, 0.0)","(-1.0, -1.0, -1.0)","(0.0, 0.0, 0.0)","(0.0, 0.0, 0.0)",0,0,0,0,0,0,False,0,0,0,0,0,0,0,0,"(-0.5, 6.7, 62.8)","(0.1, 0.1, 0.0, 1.0)"
0,34639.02,0,8,8,0,1,1,0,-1,-1,"(0.0, 0.0)","(-1.0, -1.0)","(-1.0, -1.0)","(-1.0, -1.0, -1.0)","(0.0, 0.0, 0.0)","(0.0, 0.0, 0.0)","(-1.0, -1.0, -1.0)","(0.0, 0.0, 0.0)","(0.0, 0.0, 0.0)",0,0,0,0,0,0,False,0,0,0,0,0,0,0,0,"(-0.5, 6.7, 63.1)","(0.1, 0.1, 0.0, 1.0)"
0,34668.22,0,8,8,0,1,1,0,-1,-1,"(0.0, 0.0)","(-1.0, -1.0)","(-1.0, -1.0)","(-1.0, -1.0, -1.0)","(0.0, 0.0, 0.0)","(0.0, 0.0, 0.0)","(-1.0, -1.0, -1.0)","(0.0, 0.0, 0.0)","(0.0, 0.0, 0.0)",0,0,0,0,0,0,False,0,0,0,0,0,0,0,0,"(-0.5, 6.7, 63.4)","(0.1, 0.1, 0.0, 1.0)"
0,34696.73,0,8,8,0,1,1,0,-1,-1,"(0.0, 0.0)","(-1.0, -1.0)","(-1.0, -1.0)","(-1.0, -1.0, -1.0)","(0.0, 0.0, 0.0)","(0.0, 0.0, 0.0)","(-1.0, -1.0, -1.0)","(0.0, 0.0, 0.0)","(0.0, 0.0, 0.0)",0,0,0,0,0,0,False,0,0,0,0,0,0,0,0,"(-0.5, 6.7, 63.8)","(0.1, 0.1, 0.0, 1.0)"
0,34728.79,0,8,8,0,1,1,0,-1,-1,"(0.0, 0.0)","(-1.0, -1.0)","(-1.0, -1.0)","(-1.0, -1.0, -1.0)","(0.0, 0.0, 0.0)","(0.0, 0.0, 0.0)","(-1.0, -1.0, -1.0)","(0.0, 0.0, 0.0)","(0.0, 0.0, 0.0)",0,0,0,0,0,0,False,0,0,0,0,0,0,0,0,"(-0.5, 6.7, 64.1)","(0.1, 0.1, 0.0, 1.0)"
0,34760.23,0,8,8,0,1,1,0,-1,-1,"(0.0, 0.0)","(-1.0, -1.0)","(-1.0, -1.0)","(-1.0, -1.0, -1.0)","(0.0, 0.0, 0.0)","(0.0, 0.0, 0.0)","(-1.0, -1.0, -1.0)","(0.0, 0.0, 0.0)","(0.0, 0.0, 0.0)",0,0,0,0,0,0,False,0,0,0,0,0,0,0,0,"(-0.5, 6.7, 64.4)","(0.1, 0.1, 0.0, 1.0)"
0,34792.52,0,8,8,0,1,1,0,-1,-1,"(0.0, 0.0)","(-1.0, -1.0)","(-1.0, -1.0)","(-1.0, -1.0, -1.0)","(0.0, 0.0, 0.0)","(0.0, 0.0, 0.0)","(-1.0, -1.0, -1.0)","(0.0, 0.0, 0.0)","(0.0, 0.0, 0.0)",0,0,0,0,0,0,False,0,0,0,0,0,0,0,0,"(-0.5, 6.7, 64.7)","(0.1, 0.1, 0.0, 1.0)"
0,34821.7,0,8,8,0,1,1,0,-1,-1,"(0.0, 0.0)","(-1.0, -1.0)","(-1.0, -1.0)","(-1.0, -1.0, -1.0)","(0.0, 0.0, 0.0)","(0.0, 0.0, 0.0)","(-1.0, -1.0, -1.0)","(0.0, 0.0, 0.0)","(0.0, 0.0, 0.0)",0,0,0,0,0,0,False,0,0,0,0,0,0,0,0,"(-0.5, 6.7, 65.0)","(0.1, 0.1, 0.0, 1.0)"
0,34857.23,0,8,8,0,1,1,0,-1,-1,"(0.0, 0.0)","(-1.0, -1.0)","(-1.0, -1.0)","(-1.0, -1.0, -1.0)","(0.0, 0.0, 0.0)","(0.0, 0.0, 0.0)","(-1.0, -1.0, -1.0)","(0.0, 0.0, 0.0)","(0.0, 0.0, 0.0)",0,0,0,0,0,0,False,0,0,0,0,0,0,0,0,"(-0.5, 6.7, 65.3)","(0.1, 0.1, 0.0, 1.0)"
0,34904.98,0,8,8,0,1,1,0,-1,-1,"(0.0, 0.0)","(-1.0, -1.0)","(-1.0, -1.0)","(-1.0, -1.0, -1.0)","(0.0, 0.0, 0.0)","(0.0, 0.0, 0.0)","(-1.0, -1.0, -1.0)","(0.0, 0.0, 0.0)","(0.0, 0.0, 0.0)",0,0,0,0,0,0,False,0,0,0,0,0,0,0,0,"(-0.5, 6.7, 65.6)","(0.1, 0.1, 0.0, 1.0)"
0,34954.2,0,8,8,0,1,1,0,-1,-1,"(0.0, 0.0)","(-1.0, -1.0)","(-1.0, -1.0)","(-1.0, -1.0, -1.0)","(0.0, 0.0, 0.0)","(0.0, 0.0, 0.0)","(-1.0, -1.0, -1.0)","(0.0, 0.0, 0.0)","(0.0, 0.0, 0.0)",0,0,0,0,0,0,False,0,0,0,0,0,0,0,0,"(-0.5, 6.7, 66.0)","(0.1, 0.1, 0.0, 1.0)"
0,34991.53,0,8,8,0,1,1,0,-1,-1,"(0.0, 0.0)","(-1.0, -1.0)","(-1.0, -1.0)","(-1.0, -1.0, -1.0)","(0.0, 0.0, 0.0)","(0.0, 0.0, 0.0)","(-1.0, -1.0, -1.0)","(0.0, 0.0, 0.0)","(0.0, 0.0, 0.0)",0,0,0,0,0,0,False,0,0,0,0,0,0,0,0,"(-0.5, 6.7, 66.3)","(0.1, 0.1, 0.0, 1.0)"
0,35024.58,0,8,8,0,1,1,0,-1,-1,"(0.0, 0.0)","(-1.0, -1.0)","(-1.0, -1.0)","(-1.0, -1.0, -1.0)","(0.0, 0.0, 0.0)","(0.0, 0.0, 0.0)","(-1.0, -1.0, -1.0)","(0.0, 0.0, 0.0)","(0.0, 0.0, 0.0)",0,0,0,0,0,0,False,0,0,0,0,0,0,0,0,"(-0.5, 6.7, 66.7)","(0.1, 0.1, 0.0, 1.0)"
0,35058.52,0,8,8,0,1,1,0,-1,-1,"(0.0, 0.0)","(-1.0, -1.0)","(-1.0, -1.0)","(-1.0, -1.0, -1.0)","(0.0, 0.0, 0.0)","(0.0, 0.0, 0.0)","(-1.0, -1.0, -1.0)","(0.0, 0.0, 0.0)","(0.0, 0.0, 0.0)",0,0,0,0,0,0,False,0,0,0,0,0,0,0,0,"(-0.5, 6.7, 67.0)","(0.1, 0.1, 0.0, 1.0)"
0,35091.85,0,8,8,0,1,1,0,-1,-1,"(0.0, 0.0)","(-1.0, -1.0)","(-1.0, -1.0)","(-1.0, -1.0, -1.0)","(0.0, 0.0, 0.0)","(0.0, 0.0, 0.0)","(-1.0, -1.0, -1.0)","(0.0, 0.0, 0.0)","(0.0, 0.0, 0.0)",0,0,0,0,0,0,False,0,0,0,0,0,0,0,0,"(-0.5, 6.7, 67.3)","(0.1, 0.1, 0.0, 1.0)"
0,35128.23,0,8,8,0,1,1,0,-1,-1,"(0.0, 0.0)","(-1.0, -1.0)","(-1.0, -1.0)","(-1.0, -1.0, -1.0)","(0.0, 0.0, 0.0)","(0.0, 0.0, 0.0)","(-1.0, -1.0, -1.0)","(0.0, 0.0, 0.0)","(0.0, 0.0, 0.0)",0,0,0,0,0,0,False,0,0,0,0,0,0,0,0,"(-0.5, 6.7, 67.7)","(0.1, 0.1, 0.0, 1.0)"
0,35159.7,0,8,8,0,1,1,0,-1,-1,"(0.0, 0.0)","(-1.0, -1.0)","(-1.0, -1.0)","(-1.0, -1.0, -1.0)","(0.0, 0.0, 0.0)","(0.0, 0.0, 0.0)","(-1.0, -1.0, -1.0)","(0.0, 0.0, 0.0)","(0.0, 0.0, 0.0)",0,0,0,0,0,0,False,0,0,0,0,0,0,0,0,"(-0.5, 6.7, 68.0)","(0.1, 0.1, 0.0, 1.0)"
0,35190.96,0,8,8,0,1,1,0,-1,-1,"(0.0, 0.0)","(-1.0, -1.0)","(-1.0, -1.0)","(-1.0, -1.0, -1.0)","(0.0, 0.0, 0.0)","(0.0, 0.0, 0.0)","(-1.0, -1.0, -1.0)","(0.0, 0.0, 0.0)","(0.0, 0.0, 0.0)",0,0,0,0,0,0,False,0,0,0,0,0,0,0,0,"(-0.5, 6.7, 68.4)","(0.1, 0.1, 0.0, 1.0)"
0,35223.03,0,8,8,0,1,1,0,-1,-1,"(0.0, 0.0)","(-1.0, -1.0)","(-1.0, -1.0)","(-1.0, -1.0, -1.0)","(0.0, 0.0, 0.0)","(0.0, 0.0, 0.0)","(-1.0, -1.0, -1.0)","(0.0, 0.0, 0.0)","(0.0, 0.0, 0.0)",0,0,0,0,0,0,False,0,0,0,0,0,0,0,0,"(-0.5, 6.7, 68.7)","(0.1, 0.1, 0.0, 1.0)"
0,35260.22,0,8,8,0,1,1,0,-1,-1,"(0.0, 0.0)","(-1.0, -1.0)","(-1.0, -1.0)","(-1.0, -1.0, -1.0)","(0.0, 0.0, 0.0)","(0.0, 0.0, 0.0)","(-1.0, -1.0, -1.0)","(0.0, 0.0, 0.0)","(0.0, 0.0, 0.0)",0,0,0,0,0,0,False,0,0,0,0,0,0,0,0,"(-0.5, 6.7, 69.1)","(0.1, 0.1, 0.0, 1.0)"
0,35295.64,0,8,8,0,1,1,0,-1,-1,"(0.0, 0.0)","(-1.0, -1.0)","(-1.0, -1.0)","(-1.0, -1.0, -1.0)","(0.0, 0.0, 0.0)","(0.0, 0.0, 0.0)","(-1.0, -1.0, -1.0)","(0.0, 0.0, 0.0)","(0.0, 0.0, 0.0)",0,0,0,0,0,0,False,0,0,0,0,0,0,0,0,"(-0.5, 6.7, 69.4)","(0.1, 0.1, 0.0, 1.0)"
0,35329,0,8,8,0,1,1,0,-1,-1,"(0.0, 0.0)","(-1.0, -1.0)","(-1.0, -1.0)","(-1.0, -1.0, -1.0)","(0.0, 0.0, 0.0)","(0.0, 0.0, 0.0)","(-1.0, -1.0, -1.0)","(0.0, 0.0, 0.0)","(0.0, 0.0, 0.0)",0,0,0,0,0,0,False,0,0,0,0,0,0,0,0,"(-0.5, 6.7, 69.7)","(0.1, 0.1, 0.0, 1.0)"
0,35359.66,0,8,8,0,1,1,0,-1,-1,"(0.0, 0.0)","(-1.0, -1.0)","(-1.0, -1.0)","(-1.0, -1.0, -1.0)","(0.0, 0.0, 0.0)","(0.0, 0.0, 0.0)","(-1.0, -1.0, -1.0)","(0.0, 0.0, 0.0)","(0.0, 0.0, 0.0)",0,0,0,0,0,0,False,0,0,0,0,0,0,0,0,"(-0.5, 6.7, 70.1)","(0.1, 0.1, 0.0, 1.0)"
0,35390.81,0,8,8,0,1,1,0,-1,-1,"(0.0, 0.0)","(-1.0, -1.0)","(-1.0, -1.0)","(-1.0, -1.0, -1.0)","(0.0, 0.0, 0.0)","(0.0, 0.0, 0.0)","(-1.0, -1.0, -1.0)","(0.0, 0.0, 0.0)","(0.0, 0.0, 0.0)",0,0,0,0,0,0,False,0,0,0,0,0,0,0,0,"(-0.5, 6.7, 70.4)","(0.1, 0.1, 0.0, 1.0)"
0,35421.67,0,8,8,0,1,1,0,-1,-1,"(0.0, 0.0)","(-1.0, -1.0)","(-1.0, -1.0)","(-1.0, -1.0, -1.0)","(0.0, 0.0, 0.0)","(0.0, 0.0, 0.0)","(-1.0, -1.0, -1.0)","(0.0, 0.0, 0.0)","(0.0, 0.0, 0.0)",0,0,0,0,0,0,False,0,0,0,0,0,0,0,0,"(-0.5, 6.7, 70.7)","(0.1, 0.1, 0.0, 1.0)"
0,35451.37,0,8,8,0,1,1,0,-1,-1,"(0.0, 0.0)","(-1.0, -1.0)","(-1.0, -1.0)","(-1.0, -1.0, -1.0)","(0.0, 0.0, 0.0)","(0.0, 0.0, 0.0)","(-1.0, -1.0, -1.0)","(0.0, 0.0, 0.0)","(0.0, 0.0, 0.0)",0,0,0,0,0,0,False,0,0,0,0,0,0,0,0,"(-0.5, 6.7, 71.1)","(0.1, 0.1, 0.0, 1.0)"
0,35479.3,0,8,8,0,1,1,0,-1,-1,"(0.0, 0.0)","(-1.0, -1.0)","(-1.0, -1.0)","(-1.0, -1.0, -1.0)","(0.0, 0.0, 0.0)","(0.0, 0.0, 0.0)","(-1.0, -1.0, -1.0)","(0.0, 0.0, 0.0)","(0.0, 0.0, 0.0)",0,0,0,0,0,0,False,0,0,0,0,0,0,0,0,"(-0.5, 6.7, 71.4)","(0.1, 0.1, 0.0, 1.0)"
0,35509.82,0,8,8,0,1,1,0,-1,-1,"(0.0, 0.0)","(-1.0, -1.0)","(-1.0, -1.0)","(-1.0, -1.0, -1.0)","(0.0, 0.0, 0.0)","(0.0, 0.0, 0.0)","(-1.0, -1.0, -1.0)","(0.0, 0.0, 0.0)","(0.0, 0.0, 0.0)",0,0,0,0,0,0,False,0,0,0,0,0,0,0,0,"(-0.5, 6.7, 71.7)","(0.1, 0.1, 0.0, 1.0)"
0,35546.1,0,8,8,0,1,1,0,-1,-1,"(0.0, 0.0)","(-1.0, -1.0)","(-1.0, -1.0)","(-1.0, -1.0, -1.0)","(0.0, 0.0, 0.0)","(0.0, 0.0, 0.0)","(-1.0, -1.0, -1.0)","(0.0, 0.0, 0.0)","(0.0, 0.0, 0.0)",0,0,0,0,0,0,False,0,0,0,0,0,0,0,0,"(-0.5, 6.7, 72.1)","(0.1, 0.1, 0.0, 1.0)"
0,35584.09,0,8,8,0,1,1,0,-1,-1,"(0.0, 0.0)","(-1.0, -1.0)","(-1.0, -1.0)","(-1.0, -1.0, -1.0)","(0.0, 0.0, 0.0)","(0.0, 0.0, 0.0)","(-1.0, -1.0, -1.0)","(0.0, 0.0, 0.0)","(0.0, 0.0, 0.0)",0,0,0,0,0,0,False,0,0,0,0,0,0,0,0,"(-0.5, 6.7, 72.4)","(0.1, 0.1, 0.0, 1.0)"
0,35618.53,0,8,8,0,1,1,0,-1,-1,"(0.0, 0.0)","(-1.0, -1.0)","(-1.0, -1.0)","(-1.0, -1.0, -1.0)","(0.0, 0.0, 0.0)","(0.0, 0.0, 0.0)","(-1.0, -1.0, -1.0)","(0.0, 0.0, 0.0)","(0.0, 0.0, 0.0)",0,0,0,0,0,0,False,0,0,0,0,0,0,0,0,"(-0.5, 6.7, 72.7)","(0.1, 0.1, 0.0, 1.0)"
0,35652.44,0,8,8,0,1,1,0,-1,-1,"(0.0, 0.0)","(-1.0, -1.0)","(-1.0, -1.0)","(-1.0, -1.0, -1.0)","(0.0, 0.0, 0.0)","(0.0, 0.0, 0.0)","(-1.0, -1.0, -1.0)","(0.0, 0.0, 0.0)","(0.0, 0.0, 0.0)",0,0,0,0,0,0,False,0,0,0,0,0,0,0,0,"(-0.5, 6.7, 73.0)","(0.1, 0.1, 0.0, 1.0)"
0,35688.21,0,8,8,0,1,1,0,-1,-1,"(0.0, 0.0)","(-1.0, -1.0)","(-1.0, -1.0)","(-1.0, -1.0, -1.0)","(0.0, 0.0, 0.0)","(0.0, 0.0, 0.0)","(-1.0, -1.0, -1.0)","(0.0, 0.0, 0.0)","(0.0, 0.0, 0.0)",0,0,0,0,0,0,False,0,0,0,0,0,0,0,0,"(-0.5, 6.7, 73.4)","(0.1, 0.1, 0.0, 1.0)"
